sample	r1_raw	r2_raw	r1_trimmed_paired	r2_trimmed_paired
sample2177	2004	2004	2004	2004
sample2433	2004	2004	2004	2004
sample2689	2004	2004	2004	2004
sample1921	2004	2004	2004	2004
sample2690	2004	2004	2004	2004
sample2178	2004	2004	2003	2003
sample2434	2004	2004	2004	2004
sample1922	2004	2004	2004	2004
sample2691	2004	2004	2004	2004
sample2179	2004	2004	2004	2004
sample2435	2004	2004	2003	2003
sample1923	2004	2004	2003	2003
sample2692	2004	2004	2004	2004
sample2180	2004	2004	2004	2004
sample2436	2004	2004	2003	2003
sample1924	2004	2004	2004	2004
sample2693	2004	2004	2004	2004
sample2181	2004	2004	2003	2003
sample2437	2004	2004	2004	2004
sample1925	2004	2004	2002	2002
sample2694	2004	2004	2003	2003
sample2182	2004	2004	2004	2004
sample2438	2004	2004	2004	2004
sample1926	2004	2004	2003	2003
sample2695	2004	2004	2004	2004
sample2183	2004	2004	2003	2003
sample2439	2004	2004	2003	2003
sample1927	2004	2004	2004	2004
sample2696	2004	2004	2004	2004
sample2184	2004	2004	2004	2004
sample2440	2004	2004	2004	2004
sample2697	2004	2004	2003	2003
sample2185	2004	2004	2003	2003
sample1928	2004	2004	2004	2004
sample2441	2004	2004	2003	2003
sample2186	2004	2004	2004	2004
sample2698	2004	2004	2002	2002
sample1929	2004	2004	2003	2003
sample2442	2004	2004	2004	2004
sample2699	2004	2004	2004	2004
sample2187	2004	2004	2001	2001
sample1930	2004	2004	2003	2003
sample2700	2004	2004	2002	2002
sample2188	2004	2004	2004	2004
sample2443	2004	2004	2003	2003
sample1931	2004	2004	2003	2003
sample2701	2004	2004	2003	2003
sample2189	2004	2004	2004	2004
sample2444	2004	2004	2004	2004
sample1932	2004	2004	2001	2001
sample2702	2004	2004	2003	2003
sample2190	2004	2004	2001	2001
sample2445	2004	2004	2002	2002
sample1933	2004	2004	2002	2002
sample2703	2004	2004	2002	2002
sample2191	2004	2004	2003	2003
sample2446	2004	2004	2001	2001
sample1934	2004	2004	2003	2003
sample2704	2004	2004	2003	2003
sample2192	2004	2004	2002	2002
sample2447	2004	2004	2002	2002
sample1935	2004	2004	2004	2004
sample2193	2004	2004	2003	2003
sample2705	2004	2004	2004	2004
sample2448	2004	2004	2004	2004
sample2706	2004	2004	2003	2003
sample1936	2004	2004	2004	2004
sample2194	2004	2004	2004	2004
sample2449	2004	2004	2004	2004
sample2195	2004	2004	2002	2002
sample2707	2004	2004	2003	2003
sample1937	2004	2004	2004	2004
sample2450	2004	2004	2004	2004
sample2196	2004	2004	2003	2003
sample2708	2004	2004	2001	2001
sample1938	2004	2004	2004	2004
sample2451	2004	2004	2002	2002
sample2197	2004	2004	2003	2003
sample2709	2004	2004	2004	2004
sample1939	2004	2004	2003	2003
sample2452	2004	2004	2002	2002
sample2198	2004	2004	2004	2004
sample2710	2004	2004	2003	2003
sample2453	2004	2004	2004	2004
sample1940	2004	2004	2002	2002
sample2199	2004	2004	2004	2004
sample2711	2004	2004	2003	2003
sample2454	2004	2004	2002	2002
sample2200	2004	2004	2003	2003
sample1941	2004	2004	2004	2004
sample2712	2004	2004	2003	2003
sample2455	2004	2004	2001	2001
sample2201	2004	2004	2003	2003
sample1942	2004	2004	2001	2001
sample2713	2004	2004	2004	2004
sample2202	2004	2004	2002	2002
sample2456	2004	2004	2002	2002
sample2714	2004	2004	2004	2004
sample1943	2004	2004	2002	2002
sample2203	2004	2004	2001	2001
sample2457	2004	2004	2003	2003
sample2715	2004	2004	2002	2002
sample1944	2004	2004	2003	2003
sample2204	2004	2004	2003	2003
sample2458	2004	2004	2004	2004
sample2716	2004	2004	2000	2000
sample1945	2004	2004	2003	2003
sample2205	2004	2004	2004	2004
sample2459	2004	2004	2003	2003
sample2717	2004	2004	2003	2003
sample1946	2004	2004	2004	2004
sample2206	2004	2004	2002	2002
sample2460	2004	2004	2004	2004
sample2718	2004	2004	2002	2002
sample1947	2004	2004	2003	2003
sample2207	2004	2004	2003	2003
sample2461	2004	2004	2004	2004
sample2719	2004	2004	2002	2002
sample1948	2004	2004	2004	2004
sample2208	2004	2004	2003	2003
sample2462	2004	2004	2004	2004
sample2720	2004	2004	2004	2004
sample1949	2004	2004	2001	2001
sample2209	2004	2004	2003	2003
sample2721	2004	2004	2004	2004
sample2463	2004	2004	2004	2004
sample1950	2004	2004	2002	2002
sample2210	2004	2004	2002	2002
sample2722	2004	2004	2000	2000
sample2464	2004	2004	2004	2004
sample2211	2004	2004	2002	2002
sample1951	2004	2004	2004	2004
sample2723	2004	2004	2004	2004
sample2465	2004	2004	2003	2003
sample2212	2004	2004	2004	2004
sample1952	2004	2004	2003	2003
sample2724	2004	2004	2004	2004
sample2466	2004	2004	2004	2004
sample2213	2004	2004	2002	2002
sample1953	2004	2004	2002	2002
sample2725	2004	2004	2002	2002
sample2214	2004	2004	2003	2003
sample2467	2004	2004	2004	2004
sample1954	2004	2004	2003	2003
sample2726	2004	2004	2002	2002
sample2215	2004	2004	2003	2003
sample2468	2004	2004	2004	2004
sample1955	2004	2004	2003	2003
sample2727	2004	2004	2003	2003
sample2216	2004	2004	2002	2002
sample2469	2004	2004	2004	2004
sample1956	2004	2004	2002	2002
sample2728	2004	2004	2004	2004
sample2217	2004	2004	2004	2004
sample2470	2004	2004	2003	2003
sample2729	2004	2004	2003	2003
sample1957	2004	2004	2003	2003
sample2218	2004	2004	2004	2004
sample2471	2004	2004	2001	2001
sample2730	2004	2004	2003	2003
sample1958	2004	2004	2001	2001
sample2219	2004	2004	2002	2002
sample2472	2004	2004	2004	2004
sample2731	2004	2004	2002	2002
sample1959	2004	2004	2002	2002
sample2220	2004	2004	2002	2002
sample2732	2004	2004	2001	2001
sample2473	2004	2004	2004	2004
sample1960	2004	2004	2003	2003
sample1961	2004	2004	2002	2002
sample2221	2004	2004	2003	2003
sample2733	2004	2004	2003	2003
sample2474	2004	2004	2003	2003
sample1962	2004	2004	2004	2004
sample2222	2004	2004	2004	2004
sample2734	2004	2004	2003	2003
sample2475	2004	2004	2000	2000
sample2223	2004	2004	2002	2002
sample1963	2004	2004	2004	2004
sample2735	2004	2004	2001	2001
sample2476	2004	2004	2004	2004
sample2224	2004	2004	2003	2003
sample1964	2004	2004	2003	2003
sample2736	2004	2004	2004	2004
sample2225	2004	2004	2002	2002
sample2477	2004	2004	2004	2004
sample1965	2004	2004	2004	2004
sample2737	2004	2004	2003	2003
sample2226	2004	2004	2003	2003
sample2478	2004	2004	2004	2004
sample1966	2004	2004	2004	2004
sample2738	2004	2004	2003	2003
sample2227	2004	2004	1999	1999
sample2479	2004	2004	2003	2003
sample1967	2004	2004	2004	2004
sample2739	2004	2004	2003	2003
sample2228	2004	2004	2002	2002
sample2480	2004	2004	2004	2004
sample2740	2004	2004	2004	2004
sample1968	2004	2004	2004	2004
sample2229	2004	2004	2004	2004
sample2481	2004	2004	2004	2004
sample2741	2004	2004	2003	2003
sample2230	2004	2004	2002	2002
sample1969	2004	2004	2004	2004
sample2482	2004	2004	2004	2004
sample2742	2004	2004	2004	2004
sample2231	2004	2004	2004	2004
sample2743	2004	2004	2004	2004
sample2483	2004	2004	2003	2003
sample1970	2004	2004	2004	2004
sample2232	2004	2004	2004	2004
sample2744	2004	2004	2002	2002
sample2484	2004	2004	2003	2003
sample1971	2004	2004	2001	2001
sample2233	2004	2004	2003	2003
sample2745	2004	2004	2002	2002
sample2485	2004	2004	2003	2003
sample1972	2004	2004	2003	2003
sample2234	2004	2004	2002	2002
sample2746	2004	2004	2004	2004
sample2486	2004	2004	2004	2004
sample1973	2004	2004	2004	2004
sample2235	2004	2004	2004	2004
sample2747	2004	2004	2003	2003
sample2487	2004	2004	2004	2004
sample2236	2004	2004	2004	2004
sample1974	2004	2004	2002	2002
sample2748	2004	2004	2003	2003
sample2488	2004	2004	2003	2003
sample2237	2004	2004	2003	2003
sample1975	2004	2004	2004	2004
sample2749	2004	2004	2001	2001
sample2489	2004	2004	2002	2002
sample2238	2004	2004	2004	2004
sample2750	2004	2004	2003	2003
sample1976	2004	2004	1999	1999
sample2239	2004	2004	2002	2002
sample2490	2004	2004	2004	2004
sample2751	2004	2004	2002	2002
sample2240	2004	2004	2002	2002
sample1977	2004	2004	2002	2002
sample2491	2004	2004	2004	2004
sample2752	2004	2004	2003	2003
sample2241	2004	2004	2003	2003
sample1978	2004	2004	2004	2004
sample2492	2004	2004	2004	2004
sample2493	2004	2004	2004	2004
sample2753	2004	2004	2003	2003
sample2242	2004	2004	2004	2004
sample1979	2004	2004	2004	2004
sample2494	2004	2004	2004	2004
sample2754	2004	2004	2004	2004
sample2243	2004	2004	2003	2003
sample1980	2004	2004	2004	2004
sample2755	2004	2004	2002	2002
sample2495	2004	2004	2003	2003
sample2244	2004	2004	2003	2003
sample2756	2004	2004	2003	2003
sample1981	2004	2004	2003	2003
sample2496	2004	2004	2003	2003
sample2245	2004	2004	2004	2004
sample2757	2004	2004	2004	2004
sample2497	2004	2004	2003	2003
sample2246	2004	2004	2002	2002
sample1982	2004	2004	2003	2003
sample2758	2004	2004	2004	2004
sample2498	2004	2004	2003	2003
sample2247	2004	2004	2003	2003
sample1983	2004	2004	2001	2001
sample2759	2004	2004	2002	2002
sample2248	2004	2004	2003	2003
sample2499	2004	2004	2002	2002
sample1984	2004	2004	2002	2002
sample2760	2004	2004	2004	2004
sample2249	2004	2004	2004	2004
sample2500	2004	2004	2002	2002
sample2761	2004	2004	2004	2004
sample1985	2004	2004	2004	2004
sample2250	2004	2004	2003	2003
sample2501	2004	2004	2004	2004
sample2762	2004	2004	2002	2002
sample2251	2004	2004	2004	2004
sample1986	2004	2004	2004	2004
sample2502	2004	2004	2004	2004
sample2763	2004	2004	2003	2003
sample2252	2004	2004	2003	2003
sample1987	2004	2004	2003	2003
sample2503	2004	2004	2002	2002
sample2764	2004	2004	2004	2004
sample2253	2004	2004	2003	2003
sample1988	2004	2004	2003	2003
sample2765	2004	2004	2004	2004
sample2504	2004	2004	2002	2002
sample2254	2004	2004	2003	2003
sample1989	2004	2004	2002	2002
sample2766	2004	2004	2003	2003
sample2505	2004	2004	2002	2002
sample2255	2004	2004	2003	2003
sample1990	2004	2004	2004	2004
sample2767	2004	2004	2001	2001
sample2506	2004	2004	2004	2004
sample2256	2004	2004	2000	2000
sample2768	2004	2004	2004	2004
sample2507	2004	2004	2003	2003
sample2257	2004	2004	2003	2003
sample1991	2004	2004	2003	2003
sample2769	2004	2004	2002	2002
sample2258	2004	2004	2003	2003
sample2508	2004	2004	2003	2003
sample1992	2004	2004	2003	2003
sample2770	2004	2004	2004	2004
sample2259	2004	2004	2004	2004
sample2509	2004	2004	2004	2004
sample2771	2004	2004	2004	2004
sample2260	2004	2004	2003	2003
sample1993	2004	2004	2003	2003
sample2510	2004	2004	2002	2002
sample2772	2004	2004	2004	2004
sample2261	2004	2004	2004	2004
sample2511	2004	2004	2004	2004
sample1994	2004	2004	2004	2004
sample2773	2004	2004	2004	2004
sample2262	2004	2004	2003	2003
sample2512	2004	2004	2003	2003
sample2774	2004	2004	2004	2004
sample2263	2004	2004	2004	2004
sample1995	2004	2004	2004	2004
sample2513	2004	2004	2002	2002
sample2775	2004	2004	2002	2002
sample2264	2004	2004	2004	2004
sample2514	2004	2004	2003	2003
sample1996	2004	2004	2004	2004
sample2776	2004	2004	2004	2004
sample2265	2004	2004	2004	2004
sample2515	2004	2004	2002	2002
sample2777	2004	2004	2003	2003
sample1997	2004	2004	2002	2002
sample2266	2004	2004	2003	2003
sample2516	2004	2004	2004	2004
sample2778	2004	2004	2004	2004
sample1998	2004	2004	2002	2002
sample2267	2004	2004	2003	2003
sample2779	2004	2004	2002	2002
sample2517	2004	2004	2001	2001
sample1999	2004	2004	2004	2004
sample2268	2004	2004	2004	2004
sample2518	2004	2004	2004	2004
sample2780	2004	2004	2004	2004
sample2269	2004	2004	2004	2004
sample2000	2004	2004	2003	2003
sample2781	2004	2004	2003	2003
sample2519	2004	2004	2003	2003
sample2270	2004	2004	2003	2003
sample2001	2004	2004	2004	2004
sample2782	2004	2004	2003	2003
sample2520	2004	2004	2003	2003
sample2271	2004	2004	2003	2003
sample2783	2004	2004	2002	2002
sample2002	2004	2004	2004	2004
sample2521	2004	2004	2003	2003
sample2272	2004	2004	2004	2004
sample2784	2004	2004	2003	2003
sample2273	2004	2004	2003	2003
sample2522	2004	2004	2004	2004
sample2003	2004	2004	2004	2004
sample2785	2004	2004	2004	2004
sample2274	2004	2004	2004	2004
sample2523	2004	2004	2003	2003
sample2004	2004	2004	2002	2002
sample2786	2004	2004	2004	2004
sample2275	2004	2004	2004	2004
sample2524	2004	2004	2004	2004
sample2005	2004	2004	2002	2002
sample2787	2004	2004	2002	2002
sample2276	2004	2004	2002	2002
sample2525	2004	2004	2003	2003
sample2006	2004	2004	2002	2002
sample2788	2004	2004	2001	2001
sample2277	2004	2004	2002	2002
sample2526	2004	2004	2004	2004
sample2007	2004	2004	2001	2001
sample2789	2004	2004	2002	2002
sample2278	2004	2004	2001	2001
sample2527	2004	2004	2004	2004
sample2790	2004	2004	2004	2004
sample2008	2004	2004	2002	2002
sample2279	2004	2004	2003	2003
sample2528	2004	2004	2004	2004
sample2791	2004	2004	2003	2003
sample2009	2004	2004	1999	1999
sample2280	2004	2004	2003	2003
sample2529	2004	2004	2003	2003
sample2792	2004	2004	2003	2003
sample2010	2004	2004	2003	2003
sample2281	2004	2004	2002	2002
sample2530	2004	2004	2002	2002
sample2793	2004	2004	2002	2002
sample2011	2004	2004	2003	2003
sample2282	2004	2004	2002	2002
sample2794	2004	2004	2002	2002
sample2531	2004	2004	2003	2003
sample2012	2004	2004	2003	2003
sample2283	2004	2004	2004	2004
sample2795	2004	2004	2004	2004
sample2532	2004	2004	2004	2004
sample2013	2004	2004	2002	2002
sample2284	2004	2004	2004	2004
sample2796	2004	2004	2002	2002
sample2533	2004	2004	2002	2002
sample2285	2004	2004	2003	2003
sample2014	2004	2004	2003	2003
sample2797	2004	2004	2003	2003
sample2534	2004	2004	2002	2002
sample2286	2004	2004	2003	2003
sample2798	2004	2004	2003	2003
sample2015	2004	2004	2004	2004
sample2535	2004	2004	2003	2003
sample2287	2004	2004	2004	2004
sample2799	2004	2004	2004	2004
sample2016	2004	2004	2004	2004
sample2536	2004	2004	2003	2003
sample2288	2004	2004	2004	2004
sample2800	2004	2004	2004	2004
sample2017	2004	2004	2004	2004
sample2289	2004	2004	2004	2004
sample2537	2004	2004	2002	2002
sample2801	2004	2004	2004	2004
sample2290	2004	2004	2003	2003
sample2538	2004	2004	2003	2003
sample2802	2004	2004	2003	2003
sample2018	2004	2004	2004	2004
sample2803	2004	2004	2004	2004
sample2291	2004	2004	2003	2003
sample2019	2004	2004	2002	2002
sample2539	2004	2004	2003	2003
sample2804	2004	2004	2002	2002
sample2292	2004	2004	2001	2001
sample2020	2004	2004	2003	2003
sample2540	2004	2004	2004	2004
sample2805	2004	2004	2003	2003
sample2293	2004	2004	2003	2003
sample2021	2004	2004	2004	2004
sample2541	2004	2004	2002	2002
sample2806	2004	2004	2003	2003
sample2294	2004	2004	2004	2004
sample2022	2004	2004	2003	2003
sample2542	2004	2004	2003	2003
sample2807	2004	2004	2002	2002
sample2295	2004	2004	2003	2003
sample2023	2004	2004	2004	2004
sample2543	2004	2004	2003	2003
sample2808	2004	2004	2002	2002
sample2296	2004	2004	2003	2003
sample2544	2004	2004	2004	2004
sample2024	2004	2004	2003	2003
sample2297	2004	2004	2004	2004
sample2809	2004	2004	2002	2002
sample2810	2004	2004	2003	2003
sample2298	2004	2004	2004	2004
sample2299	2004	2004	2004	2004
sample2811	2004	2004	2004	2004
sample2025	2004	2004	2001	2001
sample2545	2004	2004	2004	2004
sample2300	2004	2004	2004	2004
sample2812	2004	2004	2004	2004
sample2026	2004	2004	2003	2003
sample2546	2004	2004	2003	2003
sample2301	2004	2004	2004	2004
sample2813	2004	2004	2004	2004
sample2547	2004	2004	2003	2003
sample2027	2004	2004	2002	2002
sample2302	2004	2004	2004	2004
sample2814	2004	2004	2004	2004
sample2028	2004	2004	2003	2003
sample2548	2004	2004	2003	2003
sample2815	2004	2004	2004	2004
sample2303	2004	2004	2004	2004
sample2029	2004	2004	2004	2004
sample2549	2004	2004	2002	2002
sample2816	2004	2004	2004	2004
sample2304	2004	2004	2003	2003
sample2030	2004	2004	2003	2003
sample2550	2004	2004	2002	2002
sample2817	2004	2004	2001	2001
sample2305	2004	2004	2003	2003
sample2031	2004	2004	2004	2004
sample2551	2004	2004	2003	2003
sample2818	2004	2004	2004	2004
sample2306	2004	2004	2002	2002
sample2032	2004	2004	2002	2002
sample2552	2004	2004	2002	2002
sample2307	2004	2004	2004	2004
sample2819	2004	2004	2001	2001
sample2033	2004	2004	2004	2004
sample2308	2004	2004	2002	2002
sample2553	2004	2004	2004	2004
sample2820	2004	2004	2002	2002
sample2309	2004	2004	2003	2003
sample2821	2004	2004	2003	2003
sample2034	2004	2004	2002	2002
sample2554	2004	2004	2004	2004
sample2310	2004	2004	2002	2002
sample2822	2004	2004	2004	2004
sample2555	2004	2004	2004	2004
sample2035	2004	2004	2002	2002
sample2311	2004	2004	2002	2002
sample2823	2004	2004	2003	2003
sample2556	2004	2004	2004	2004
sample2036	2004	2004	2003	2003
sample2312	2004	2004	2004	2004
sample2824	2004	2004	2004	2004
sample2557	2004	2004	2003	2003
sample2037	2004	2004	2003	2003
sample2313	2004	2004	2004	2004
sample2825	2004	2004	2003	2003
sample2558	2004	2004	2003	2003
sample2314	2004	2004	2003	2003
sample2038	2004	2004	2004	2004
sample2826	2004	2004	2003	2003
sample2559	2004	2004	2004	2004
sample2315	2004	2004	2002	2002
sample2827	2004	2004	2003	2003
sample2039	2004	2004	2002	2002
sample2560	2004	2004	2003	2003
sample2316	2004	2004	2003	2003
sample2828	2004	2004	2004	2004
sample2040	2004	2004	2001	2001
sample2561	2004	2004	2002	2002
sample2317	2004	2004	2001	2001
sample2829	2004	2004	2002	2002
sample2041	2004	2004	2002	2002
sample2562	2004	2004	2002	2002
sample2318	2004	2004	2004	2004
sample2830	2004	2004	2003	2003
sample2563	2004	2004	2001	2001
sample2042	2004	2004	2003	2003
sample2831	2004	2004	2004	2004
sample2319	2004	2004	2004	2004
sample2564	2004	2004	2003	2003
sample2832	2004	2004	2003	2003
sample2320	2004	2004	2002	2002
sample2043	2004	2004	2002	2002
sample2565	2004	2004	2003	2003
sample2833	2004	2004	2004	2004
sample2321	2004	2004	2004	2004
sample2044	2004	2004	2004	2004
sample2834	2004	2004	2003	2003
sample2322	2004	2004	2003	2003
sample2566	2004	2004	2003	2003
sample2045	2004	2004	2003	2003
sample2835	2004	2004	2003	2003
sample2323	2004	2004	2002	2002
sample2567	2004	2004	2002	2002
sample2836	2004	2004	2002	2002
sample2324	2004	2004	2003	2003
sample2046	2004	2004	2003	2003
sample2568	2004	2004	2004	2004
sample2837	2004	2004	2002	2002
sample2325	2004	2004	2004	2004
sample2047	2004	2004	2003	2003
sample2569	2004	2004	2003	2003
sample2838	2004	2004	2002	2002
sample2326	2004	2004	2002	2002
sample2048	2004	2004	2004	2004
sample2570	2004	2004	2004	2004
sample2839	2004	2004	2003	2003
sample2327	2004	2004	2004	2004
sample2049	2004	2004	2004	2004
sample2571	2004	2004	2002	2002
sample2840	2004	2004	2002	2002
sample2328	2004	2004	2004	2004
sample2050	2004	2004	2004	2004
sample2945	2004	2004	2004	2004
sample2572	2004	2004	2002	2002
sample3457	2004	2004	2003	2003
sample2841	2004	2004	2004	2004
sample2329	2004	2004	2004	2004
sample3713	2004	2004	2004	2004
sample3201	2004	2004	2002	2002
sample2051	2004	2004	2003	2003
sample2573	2004	2004	2004	2004
sample2330	2004	2004	2004	2004
sample2842	2004	2004	2004	2004
sample2946	2004	2004	2004	2004
sample2052	2004	2004	2004	2004
sample3458	2004	2004	2003	2003
sample3202	2004	2004	2001	2001
sample3714	2004	2004	2002	2002
sample2574	2004	2004	2004	2004
sample2331	2004	2004	2004	2004
sample2843	2004	2004	2002	2002
sample2053	2004	2004	2004	2004
sample2575	2004	2004	2004	2004
sample2947	2004	2004	2004	2004
sample2332	2004	2004	2004	2004
sample2844	2004	2004	2004	2004
sample3715	2004	2004	2002	2002
sample3203	2004	2004	2003	2003
sample3459	2004	2004	2001	2001
sample2576	2004	2004	2003	2003
sample2333	2004	2004	2004	2004
sample2054	2004	2004	2003	2003
sample2845	2004	2004	2003	2003
sample2948	2004	2004	2004	2004
sample3716	2004	2004	2001	2001
sample3204	2004	2004	2002	2002
sample2334	2004	2004	2003	2003
sample2577	2004	2004	2004	2004
sample3460	2004	2004	2003	2003
sample2055	2004	2004	2004	2004
sample2846	2004	2004	2001	2001
sample2949	2004	2004	2001	2001
sample3717	2004	2004	2004	2004
sample2335	2004	2004	2002	2002
sample2578	2004	2004	2001	2001
sample3205	2004	2004	2003	2003
sample2847	2004	2004	2002	2002
sample2056	2004	2004	2003	2003
sample3461	2004	2004	2004	2004
sample2336	2004	2004	2004	2004
sample2579	2004	2004	2004	2004
sample2848	2004	2004	2001	2001
sample2950	2004	2004	2002	2002
sample3718	2004	2004	2003	2003
sample2057	2004	2004	2004	2004
sample3206	2004	2004	2002	2002
sample2337	2004	2004	1998	1998
sample2580	2004	2004	2003	2003
sample2849	2004	2004	2003	2003
sample2058	2004	2004	2004	2004
sample3719	2004	2004	2004	2004
sample2951	2004	2004	2003	2003
sample3462	2004	2004	2004	2004
sample3207	2004	2004	2004	2004
sample2338	2004	2004	2001	2001
sample2581	2004	2004	2004	2004
sample2850	2004	2004	2004	2004
sample2059	2004	2004	2004	2004
sample2339	2004	2004	2004	2004
sample2582	2004	2004	2003	2003
sample2851	2004	2004	2004	2004
sample3720	2004	2004	2003	2003
sample2952	2004	2004	2004	2004
sample3208	2004	2004	2004	2004
sample3463	2004	2004	2004	2004
sample2060	2004	2004	2004	2004
sample2340	2004	2004	2002	2002
sample2852	2004	2004	2000	2000
sample2583	2004	2004	2004	2004
sample3721	2004	2004	2002	2002
sample2953	2004	2004	2002	2002
sample2061	2004	2004	2004	2004
sample3209	2004	2004	2002	2002
sample2853	2004	2004	2002	2002
sample2341	2004	2004	2004	2004
sample2584	2004	2004	2002	2002
sample3464	2004	2004	2004	2004
sample3722	2004	2004	2003	2003
sample2854	2004	2004	2001	2001
sample2342	2004	2004	2004	2004
sample2062	2004	2004	2004	2004
sample2954	2004	2004	2004	2004
sample2585	2004	2004	2004	2004
sample3210	2004	2004	2004	2004
sample3465	2004	2004	2004	2004
sample2855	2004	2004	2002	2002
sample2343	2004	2004	2004	2004
sample2063	2004	2004	2002	2002
sample2586	2004	2004	2003	2003
sample3723	2004	2004	2002	2002
sample2955	2004	2004	2003	2003
sample3211	2004	2004	2003	2003
sample2856	2004	2004	2004	2004
sample2344	2004	2004	2004	2004
sample2064	2004	2004	2004	2004
sample3466	2004	2004	2003	2003
sample2587	2004	2004	2004	2004
sample3724	2004	2004	2003	2003
sample2857	2004	2004	2004	2004
sample2345	2004	2004	2003	2003
sample2956	2004	2004	2003	2003
sample3212	2004	2004	2003	2003
sample2065	2004	2004	2003	2003
sample2588	2004	2004	2003	2003
sample3467	2004	2004	2003	2003
sample2346	2004	2004	2004	2004
sample2858	2004	2004	2003	2003
sample3725	2004	2004	2004	2004
sample2066	2004	2004	2004	2004
sample2589	2004	2004	2003	2003
sample2957	2004	2004	2003	2003
sample3213	2004	2004	2001	2001
sample2347	2004	2004	2003	2003
sample2859	2004	2004	2002	2002
sample2067	2004	2004	2003	2003
sample3468	2004	2004	2004	2004
sample2590	2004	2004	2004	2004
sample3726	2004	2004	2004	2004
sample2958	2004	2004	2003	2003
sample2860	2004	2004	2004	2004
sample2348	2004	2004	2002	2002
sample3214	2004	2004	2004	2004
sample2068	2004	2004	2002	2002
sample2591	2004	2004	2004	2004
sample2861	2004	2004	2002	2002
sample2349	2004	2004	2004	2004
sample3727	2004	2004	2003	2003
sample3469	2004	2004	2003	2003
sample2069	2004	2004	2003	2003
sample2959	2004	2004	2004	2004
sample3215	2004	2004	2002	2002
sample2592	2004	2004	2002	2002
sample2862	2004	2004	2004	2004
sample2350	2004	2004	2002	2002
sample2070	2004	2004	2001	2001
sample3728	2004	2004	2003	2003
sample2593	2004	2004	2003	2003
sample3470	2004	2004	2003	2003
sample2960	2004	2004	2004	2004
sample2863	2004	2004	2004	2004
sample2351	2004	2004	2003	2003
sample3216	2004	2004	2002	2002
sample2071	2004	2004	2004	2004
sample2594	2004	2004	2004	2004
sample2864	2004	2004	2004	2004
sample2352	2004	2004	2003	2003
sample3729	2004	2004	2004	2004
sample3471	2004	2004	2002	2002
sample2961	2004	2004	2004	2004
sample2072	2004	2004	2004	2004
sample3217	2004	2004	2000	2000
sample2595	2004	2004	2003	2003
sample2865	2004	2004	2004	2004
sample2353	2004	2004	2004	2004
sample3730	2004	2004	2003	2003
sample2073	2004	2004	2002	2002
sample2962	2004	2004	2002	2002
sample3472	2004	2004	2002	2002
sample2866	2004	2004	2002	2002
sample2596	2004	2004	2004	2004
sample2354	2004	2004	2004	2004
sample3218	2004	2004	2004	2004
sample2074	2004	2004	2003	2003
sample2355	2004	2004	2004	2004
sample3731	2004	2004	2004	2004
sample2867	2004	2004	2002	2002
sample2597	2004	2004	2004	2004
sample2963	2004	2004	2004	2004
sample3219	2004	2004	2002	2002
sample3473	2004	2004	2003	2003
sample2075	2004	2004	2004	2004
sample2356	2004	2004	2003	2003
sample2868	2004	2004	2003	2003
sample2598	2004	2004	2004	2004
sample3732	2004	2004	2004	2004
sample2964	2004	2004	2002	2002
sample2076	2004	2004	2004	2004
sample2357	2004	2004	2003	2003
sample3220	2004	2004	2004	2004
sample2869	2004	2004	2003	2003
sample2599	2004	2004	2001	2001
sample3474	2004	2004	2003	2003
sample3733	2004	2004	2003	2003
sample2358	2004	2004	2004	2004
sample2870	2004	2004	2003	2003
sample2077	2004	2004	2003	2003
sample2965	2004	2004	2003	2003
sample2600	2004	2004	2002	2002
sample3221	2004	2004	2003	2003
sample2359	2004	2004	2003	2003
sample2871	2004	2004	2000	2000
sample3475	2004	2004	2004	2004
sample2078	2004	2004	2003	2003
sample3734	2004	2004	2004	2004
sample2601	2004	2004	2004	2004
sample2966	2004	2004	2004	2004
sample2360	2004	2004	2003	2003
sample2872	2004	2004	2004	2004
sample3222	2004	2004	2003	2003
sample2079	2004	2004	2001	2001
sample2602	2004	2004	2003	2003
sample3735	2004	2004	2004	2004
sample3476	2004	2004	2004	2004
sample2361	2004	2004	2003	2003
sample2873	2004	2004	2004	2004
sample2967	2004	2004	2003	2003
sample2080	2004	2004	2004	2004
sample3223	2004	2004	2003	2003
sample2603	2004	2004	2004	2004
sample2362	2004	2004	2004	2004
sample3736	2004	2004	2004	2004
sample2874	2004	2004	2004	2004
sample3477	2004	2004	2004	2004
sample2081	2004	2004	2001	2001
sample2968	2004	2004	2003	2003
sample2604	2004	2004	2003	2003
sample2363	2004	2004	2003	2003
sample2875	2004	2004	2003	2003
sample3224	2004	2004	2003	2003
sample3737	2004	2004	2004	2004
sample2082	2004	2004	2004	2004
sample2364	2004	2004	2001	2001
sample2605	2004	2004	2004	2004
sample3478	2004	2004	2003	2003
sample2876	2004	2004	2003	2003
sample2969	2004	2004	2003	2003
sample3225	2004	2004	2002	2002
sample2083	2004	2004	2002	2002
sample3738	2004	2004	2002	2002
sample2365	2004	2004	2003	2003
sample2877	2004	2004	2003	2003
sample2606	2004	2004	2003	2003
sample2970	2004	2004	2002	2002
sample2084	2004	2004	2004	2004
sample3479	2004	2004	2003	2003
sample2366	2004	2004	2001	2001
sample3226	2004	2004	2004	2004
sample2878	2004	2004	2003	2003
sample2607	2004	2004	2004	2004
sample3739	2004	2004	2003	2003
sample2085	2004	2004	2003	2003
sample2971	2004	2004	2004	2004
sample2367	2004	2004	2003	2003
sample2879	2004	2004	2003	2003
sample2608	2004	2004	2003	2003
sample3227	2004	2004	2004	2004
sample3480	2004	2004	2002	2002
sample3740	2004	2004	2001	2001
sample2086	2004	2004	2003	2003
sample2368	2004	2004	2003	2003
sample2880	2004	2004	2003	2003
sample2609	2004	2004	2004	2004
sample2972	2004	2004	2002	2002
sample2881	2004	2004	2003	2003
sample2369	2004	2004	2003	2003
sample2087	2004	2004	2003	2003
sample3228	2004	2004	2003	2003
sample3741	2004	2004	2003	2003
sample3481	2004	2004	2003	2003
sample2610	2004	2004	2004	2004
sample2973	2004	2004	2003	2003
sample2882	2004	2004	2003	2003
sample2370	2004	2004	2003	2003
sample2088	2004	2004	2003	2003
sample3742	2004	2004	2004	2004
sample3229	2004	2004	2003	2003
sample2611	2004	2004	2001	2001
sample2883	2004	2004	2003	2003
sample3482	2004	2004	2004	2004
sample2089	2004	2004	2003	2003
sample2371	2004	2004	2003	2003
sample2974	2004	2004	2004	2004
sample2612	2004	2004	2003	2003
sample3743	2004	2004	2003	2003
sample3230	2004	2004	2004	2004
sample2884	2004	2004	2004	2004
sample2372	2004	2004	2004	2004
sample2090	2004	2004	2004	2004
sample2613	2004	2004	2003	2003
sample3483	2004	2004	2003	2003
sample2975	2004	2004	2003	2003
sample2885	2004	2004	2003	2003
sample2373	2004	2004	2004	2004
sample2091	2004	2004	2003	2003
sample3744	2004	2004	2004	2004
sample3231	2004	2004	2003	2003
sample2614	2004	2004	2004	2004
sample2374	2004	2004	2004	2004
sample2886	2004	2004	2003	2003
sample2976	2004	2004	2003	2003
sample2092	2004	2004	2002	2002
sample3484	2004	2004	2004	2004
sample2615	2004	2004	2004	2004
sample3745	2004	2004	2003	2003
sample3232	2004	2004	2004	2004
sample2375	2004	2004	2003	2003
sample2887	2004	2004	2003	2003
sample2093	2004	2004	2002	2002
sample2977	2004	2004	2003	2003
sample2616	2004	2004	2003	2003
sample2888	2004	2004	2004	2004
sample2376	2004	2004	2004	2004
sample3485	2004	2004	2004	2004
sample3746	2004	2004	2004	2004
sample3233	2004	2004	2002	2002
sample2094	2004	2004	2003	2003
sample2617	2004	2004	2002	2002
sample2377	2004	2004	2003	2003
sample2889	2004	2004	2001	2001
sample2978	2004	2004	2004	2004
sample3747	2004	2004	2004	2004
sample3234	2004	2004	2001	2001
sample2095	2004	2004	2002	2002
sample3486	2004	2004	2004	2004
sample2378	2004	2004	2004	2004
sample2618	2004	2004	2003	2003
sample2890	2004	2004	2004	2004
sample2979	2004	2004	2001	2001
sample2379	2004	2004	2003	2003
sample2096	2004	2004	2004	2004
sample2619	2004	2004	2000	2000
sample3748	2004	2004	2002	2002
sample2891	2004	2004	2004	2004
sample3235	2004	2004	2001	2001
sample3487	2004	2004	2003	2003
sample2380	2004	2004	2003	2003
sample2097	2004	2004	2003	2003
sample2980	2004	2004	2003	2003
sample2892	2004	2004	2004	2004
sample2620	2004	2004	2003	2003
sample3749	2004	2004	2003	2003
sample3236	2004	2004	2004	2004
sample2381	2004	2004	2003	2003
sample2098	2004	2004	2003	2003
sample2893	2004	2004	2004	2004
sample2621	2004	2004	2003	2003
sample3488	2004	2004	2004	2004
sample2981	2004	2004	2003	2003
sample3750	2004	2004	2003	2003
sample2382	2004	2004	2003	2003
sample2894	2004	2004	2003	2003
sample2099	2004	2004	2004	2004
sample3237	2004	2004	2003	2003
sample2622	2004	2004	2002	2002
sample2383	2004	2004	2002	2002
sample2895	2004	2004	2003	2003
sample2982	2004	2004	2003	2003
sample3489	2004	2004	2002	2002
sample3751	2004	2004	2002	2002
sample2100	2004	2004	2003	2003
sample2623	2004	2004	2003	2003
sample3238	2004	2004	2003	2003
sample2384	2004	2004	2001	2001
sample2896	2004	2004	2002	2002
sample2983	2004	2004	2004	2004
sample2624	2004	2004	2003	2003
sample2101	2004	2004	2004	2004
sample2385	2004	2004	2004	2004
sample3752	2004	2004	2000	2000
sample3490	2004	2004	2000	2000
sample2897	2004	2004	2003	2003
sample3239	2004	2004	2002	2002
sample2625	2004	2004	2003	2003
sample2386	2004	2004	2004	2004
sample2102	2004	2004	2003	2003
sample2984	2004	2004	2004	2004
sample2898	2004	2004	2002	2002
sample3753	2004	2004	2002	2002
sample2387	2004	2004	2001	2001
sample2626	2004	2004	2004	2004
sample3240	2004	2004	2002	2002
sample3491	2004	2004	2001	2001
sample2103	2004	2004	2002	2002
sample2899	2004	2004	2004	2004
sample2985	2004	2004	2003	2003
sample2388	2004	2004	2003	2003
sample2627	2004	2004	2003	2003
sample3754	2004	2004	2003	2003
sample2900	2004	2004	2003	2003
sample2104	2004	2004	2001	2001
sample3241	2004	2004	2002	2002
sample2389	2004	2004	2003	2003
sample3492	2004	2004	2003	2003
sample2986	2004	2004	2004	2004
sample2628	2004	2004	2002	2002
sample2901	2004	2004	2004	2004
sample2105	2004	2004	2004	2004
sample3755	2004	2004	2003	2003
sample2390	2004	2004	2004	2004
sample3242	2004	2004	2004	2004
sample2902	2004	2004	2004	2004
sample2629	2004	2004	2004	2004
sample2106	2004	2004	2003	2003
sample2987	2004	2004	2002	2002
sample3493	2004	2004	2004	2004
sample2391	2004	2004	2004	2004
sample3756	2004	2004	2004	2004
sample2903	2004	2004	2003	2003
sample2630	2004	2004	2002	2002
sample2107	2004	2004	2002	2002
sample3243	2004	2004	2004	2004
sample2392	2004	2004	2004	2004
sample2988	2004	2004	2002	2002
sample2904	2004	2004	2004	2004
sample2631	2004	2004	2002	2002
sample2108	2004	2004	2004	2004
sample3494	2004	2004	2001	2001
sample3757	2004	2004	2004	2004
sample2393	2004	2004	2004	2004
sample3244	2004	2004	2003	2003
sample2905	2004	2004	2003	2003
sample2632	2004	2004	2001	2001
sample2109	2004	2004	2002	2002
sample2989	2004	2004	2004	2004
sample2394	2004	2004	2004	2004
sample2906	2004	2004	2004	2004
sample3758	2004	2004	2003	2003
sample3495	2004	2004	2004	2004
sample2633	2004	2004	2003	2003
sample3245	2004	2004	2003	2003
sample2110	2004	2004	2004	2004
sample2395	2004	2004	2004	2004
sample2907	2004	2004	2003	2003
sample2990	2004	2004	2004	2004
sample2634	2004	2004	2001	2001
sample3759	2004	2004	2004	2004
sample2111	2004	2004	2003	2003
sample2396	2004	2004	2002	2002
sample3496	2004	2004	2004	2004
sample2908	2004	2004	2002	2002
sample3246	2004	2004	2003	2003
sample2991	2004	2004	2003	2003
sample2635	2004	2004	2002	2002
sample2397	2004	2004	2002	2002
sample2112	2004	2004	2004	2004
sample2909	2004	2004	2002	2002
sample3760	2004	2004	2003	2003
sample2636	2004	2004	2004	2004
sample3247	2004	2004	2003	2003
sample2398	2004	2004	2003	2003
sample3497	2004	2004	2003	2003
sample2992	2004	2004	2002	2002
sample2113	2004	2004	2004	2004
sample2910	2004	2004	2004	2004
sample3761	2004	2004	2004	2004
sample2637	2004	2004	2003	2003
sample2399	2004	2004	2003	2003
sample3248	2004	2004	2003	2003
sample2911	2004	2004	2004	2004
sample2114	2004	2004	2004	2004
sample2993	2004	2004	2003	2003
sample3498	2004	2004	2002	2002
sample2638	2004	2004	2004	2004
sample3762	2004	2004	2003	2003
sample2400	2004	2004	2001	2001
sample2912	2004	2004	2004	2004
sample2115	2004	2004	2004	2004
sample3249	2004	2004	2003	2003
sample2994	2004	2004	2004	2004
sample2639	2004	2004	2004	2004
sample2401	2004	2004	2003	2003
sample2913	2004	2004	2004	2004
sample3763	2004	2004	2003	2003
sample2116	2004	2004	2002	2002
sample3499	2004	2004	2002	2002
sample2640	2004	2004	2003	2003
sample2402	2004	2004	2003	2003
sample2914	2004	2004	2004	2004
sample3250	2004	2004	2003	2003
sample2995	2004	2004	2002	2002
sample2117	2004	2004	2001	2001
sample3764	2004	2004	2004	2004
sample2403	2004	2004	2002	2002
sample2641	2004	2004	2004	2004
sample2915	2004	2004	2003	2003
sample3500	2004	2004	2004	2004
sample3251	2004	2004	2004	2004
sample2996	2004	2004	2003	2003
sample2642	2004	2004	2001	2001
sample2118	2004	2004	2002	2002
sample2404	2004	2004	2001	2001
sample2916	2004	2004	2004	2004
sample3765	2004	2004	2002	2002
sample3252	2004	2004	2004	2004
sample2997	2004	2004	2004	2004
sample2643	2004	2004	2002	2002
sample2405	2004	2004	2002	2002
sample3501	2004	2004	2003	2003
sample2917	2004	2004	2003	2003
sample2119	2004	2004	2003	2003
sample3766	2004	2004	2004	2004
sample2406	2004	2004	2003	2003
sample2918	2004	2004	2004	2004
sample2644	2004	2004	2004	2004
sample2120	2004	2004	2002	2002
sample3253	2004	2004	2003	2003
sample2998	2004	2004	2004	2004
sample3502	2004	2004	2002	2002
sample2407	2004	2004	2003	2003
sample2919	2004	2004	2002	2002
sample2121	2004	2004	2003	2003
sample3767	2004	2004	2002	2002
sample2645	2004	2004	2001	2001
sample3254	2004	2004	2004	2004
sample2999	2004	2004	2004	2004
sample2408	2004	2004	2003	2003
sample2920	2004	2004	2000	2000
sample2646	2004	2004	2003	2003
sample3503	2004	2004	2003	2003
sample2122	2004	2004	2003	2003
sample3768	2004	2004	2003	2003
sample2409	2004	2004	2004	2004
sample2921	2004	2004	2003	2003
sample3255	2004	2004	2003	2003
sample3000	2004	2004	2003	2003
sample2647	2004	2004	2004	2004
sample2123	2004	2004	2003	2003
sample2410	2004	2004	2002	2002
sample3769	2004	2004	2004	2004
sample3504	2004	2004	2004	2004
sample2922	2004	2004	2004	2004
sample2648	2004	2004	2003	2003
sample3001	2004	2004	2003	2003
sample3256	2004	2004	2004	2004
sample2411	2004	2004	2002	2002
sample2124	2004	2004	2003	2003
sample2923	2004	2004	2004	2004
sample3770	2004	2004	2004	2004
sample2649	2004	2004	2001	2001
sample3505	2004	2004	2003	2003
sample2412	2004	2004	2004	2004
sample2924	2004	2004	2004	2004
sample2125	2004	2004	2003	2003
sample3002	2004	2004	2002	2002
sample3257	2004	2004	2003	2003
sample2650	2004	2004	2003	2003
sample2413	2004	2004	2002	2002
sample3771	2004	2004	2004	2004
sample2925	2004	2004	2002	2002
sample2126	2004	2004	2001	2001
sample2651	2004	2004	2004	2004
sample3003	2004	2004	2004	2004
sample3506	2004	2004	2004	2004
sample3258	2004	2004	2004	2004
sample2414	2004	2004	2002	2002
sample2926	2004	2004	2000	2000
sample3772	2004	2004	2003	2003
sample2127	2004	2004	2002	2002
sample2652	2004	2004	2003	2003
sample2415	2004	2004	2003	2003
sample2927	2004	2004	2003	2003
sample3507	2004	2004	2004	2004
sample3004	2004	2004	2003	2003
sample3259	2004	2004	2001	2001
sample2128	2004	2004	2003	2003
sample3773	2004	2004	2004	2004
sample2416	2004	2004	2003	2003
sample2653	2004	2004	2004	2004
sample2928	2004	2004	2004	2004
sample2129	2004	2004	2003	2003
sample3005	2004	2004	2004	2004
sample2417	2004	2004	2003	2003
sample2654	2004	2004	2002	2002
sample3508	2004	2004	2004	2004
sample3260	2004	2004	2003	2003
sample2929	2004	2004	2004	2004
sample3774	2004	2004	2003	2003
sample2130	2004	2004	2002	2002
sample2418	2004	2004	2004	2004
sample2655	2004	2004	2003	2003
sample2930	2004	2004	2003	2003
sample3006	2004	2004	2002	2002
sample3261	2004	2004	2003	2003
sample3509	2004	2004	2004	2004
sample3775	2004	2004	2003	2003
sample2419	2004	2004	2002	2002
sample2131	2004	2004	2003	2003
sample2931	2004	2004	2004	2004
sample2656	2004	2004	2002	2002
sample3007	2004	2004	2003	2003
sample2420	2004	2004	2004	2004
sample2132	2004	2004	2003	2003
sample3776	2004	2004	2004	2004
sample2932	2004	2004	2002	2002
sample3262	2004	2004	2002	2002
sample3510	2004	2004	2004	2004
sample2657	2004	2004	2004	2004
sample2421	2004	2004	2003	2003
sample3008	2004	2004	2004	2004
sample2133	2004	2004	2004	2004
sample2933	2004	2004	2004	2004
sample2658	2004	2004	2004	2004
sample3777	2004	2004	2004	2004
sample3263	2004	2004	2004	2004
sample3511	2004	2004	2002	2002
sample2422	2004	2004	2003	2003
sample2934	2004	2004	2003	2003
sample2134	2004	2004	2004	2004
sample2659	2004	2004	2004	2004
sample3009	2004	2004	2003	2003
sample2423	2004	2004	2003	2003
sample3778	2004	2004	2004	2004
sample2935	2004	2004	2004	2004
sample3264	2004	2004	2003	2003
sample2135	2004	2004	2004	2004
sample3512	2004	2004	2002	2002
sample2660	2004	2004	2003	2003
sample3010	2004	2004	2002	2002
sample2424	2004	2004	2002	2002
sample2936	2004	2004	2004	2004
sample3779	2004	2004	2004	2004
sample2136	2004	2004	2004	2004
sample2661	2004	2004	2004	2004
sample3265	2004	2004	2004	2004
sample2937	2004	2004	2003	2003
sample3513	2004	2004	2002	2002
sample2425	2004	2004	2002	2002
sample2662	2004	2004	2001	2001
sample3011	2004	2004	2002	2002
sample3780	2004	2004	2004	2004
sample2137	2004	2004	2003	2003
sample3266	2004	2004	2003	2003
sample2938	2004	2004	2004	2004
sample2426	2004	2004	2003	2003
sample2663	2004	2004	2003	2003
sample3514	2004	2004	2004	2004
sample3012	2004	2004	2003	2003
sample2939	2004	2004	2004	2004
sample2138	2004	2004	2004	2004
sample2427	2004	2004	2001	2001
sample3781	2004	2004	2003	2003
sample2664	2004	2004	2004	2004
sample3267	2004	2004	2003	2003
sample2940	2004	2004	2004	2004
sample2428	2004	2004	2002	2002
sample3013	2004	2004	2004	2004
sample2139	2004	2004	2003	2003
sample3515	2004	2004	2002	2002
sample2665	2004	2004	2003	2003
sample3782	2004	2004	2004	2004
sample2941	2004	2004	2004	2004
sample3268	2004	2004	2004	2004
sample2429	2004	2004	2003	2003
sample3014	2004	2004	2004	2004
sample2666	2004	2004	2001	2001
sample2140	2004	2004	2004	2004
sample2942	2004	2004	2004	2004
sample3783	2004	2004	2004	2004
sample3516	2004	2004	2004	2004
sample2430	2004	2004	2003	2003
sample3269	2004	2004	2003	2003
sample2667	2004	2004	2004	2004
sample2141	2004	2004	2004	2004
sample2943	2004	2004	2002	2002
sample3015	2004	2004	2003	2003
sample2431	2004	2004	2004	2004
sample3784	2004	2004	2002	2002
sample3517	2004	2004	2000	2000
sample2668	2004	2004	2003	2003
sample2142	2004	2004	2002	2002
sample2944	2004	2004	2002	2002
sample3270	2004	2004	2004	2004
sample2432	2004	2004	2002	2002
sample3016	2004	2004	2004	2004
sample2669	2004	2004	2003	2003
sample2143	2004	2004	2004	2004
sample3785	2004	2004	2004	2004
sample3518	2004	2004	2002	2002
sample3271	2004	2004	2003	2003
sample2670	2004	2004	2004	2004
sample3017	2004	2004	2002	2002
sample2144	2004	2004	2003	2003
sample3786	2004	2004	2003	2003
sample2671	2004	2004	2002	2002
sample2145	2004	2004	2004	2004
sample3272	2004	2004	2002	2002
sample3519	2004	2004	2003	2003
sample3018	2004	2004	2003	2003
sample3787	2004	2004	2002	2002
sample2672	2004	2004	2001	2001
sample2146	2004	2004	2004	2004
sample3273	2004	2004	2004	2004
sample3019	2004	2004	2004	2004
sample3520	2004	2004	2002	2002
sample2673	2004	2004	2001	2001
sample3788	2004	2004	2004	2004
sample2147	2004	2004	2004	2004
sample2674	2004	2004	2003	2003
sample3274	2004	2004	2003	2003
sample3020	2004	2004	2004	2004
sample3789	2004	2004	2004	2004
sample2148	2004	2004	2003	2003
sample3521	2004	2004	2004	2004
sample2675	2004	2004	2004	2004
sample2149	2004	2004	2004	2004
sample3275	2004	2004	2003	2003
sample3021	2004	2004	2003	2003
sample3790	2004	2004	2004	2004
sample2676	2004	2004	2004	2004
sample3522	2004	2004	2003	2003
sample2150	2004	2004	2003	2003
sample3276	2004	2004	2004	2004
sample3022	2004	2004	2003	2003
sample2677	2004	2004	2003	2003
sample3791	2004	2004	2004	2004
sample2151	2004	2004	2003	2003
sample3523	2004	2004	2004	2004
sample2678	2004	2004	2003	2003
sample3023	2004	2004	2003	2003
sample3277	2004	2004	2004	2004
sample3792	2004	2004	2002	2002
sample2152	2004	2004	2004	2004
sample2679	2004	2004	2003	2003
sample3524	2004	2004	2003	2003
sample3024	2004	2004	2003	2003
sample3278	2004	2004	2003	2003
sample2680	2004	2004	2004	2004
sample3793	2004	2004	2004	2004
sample2153	2004	2004	2004	2004
sample2154	2004	2004	2003	2003
sample2681	2004	2004	2004	2004
sample3025	2004	2004	2004	2004
sample3794	2004	2004	2003	2003
sample3279	2004	2004	2004	2004
sample3525	2004	2004	2003	2003
sample2155	2004	2004	2003	2003
sample2682	2004	2004	2004	2004
sample3026	2004	2004	2003	2003
sample3795	2004	2004	2004	2004
sample3280	2004	2004	2003	2003
sample2156	2004	2004	2003	2003
sample2683	2004	2004	2004	2004
sample3526	2004	2004	2004	2004
sample3027	2004	2004	2002	2002
sample3796	2004	2004	2003	2003
sample3281	2004	2004	2004	2004
sample2684	2004	2004	2004	2004
sample2157	2004	2004	2003	2003
sample3797	2004	2004	2003	2003
sample3028	2004	2004	2004	2004
sample3527	2004	2004	2003	2003
sample3282	2004	2004	2004	2004
sample2685	2004	2004	2003	2003
sample2158	2004	2004	2004	2004
sample3798	2004	2004	2003	2003
sample3029	2004	2004	2004	2004
sample2686	2004	2004	2004	2004
sample2159	2004	2004	2003	2003
sample3528	2004	2004	2003	2003
sample3283	2004	2004	2004	2004
sample2687	2004	2004	2004	2004
sample3799	2004	2004	2004	2004
sample2160	2004	2004	2003	2003
sample3030	2004	2004	2001	2001
sample3284	2004	2004	2004	2004
sample2688	2004	2004	2003	2003
sample3529	2004	2004	1999	1999
sample2161	2004	2004	2001	2001
sample3800	2004	2004	2003	2003
sample3031	2004	2004	1999	1999
sample2162	2004	2004	2003	2003
sample3285	2004	2004	2002	2002
sample3530	2004	2004	2004	2004
sample3801	2004	2004	2004	2004
sample3032	2004	2004	2004	2004
sample2163	2004	2004	2004	2004
sample3286	2004	2004	2004	2004
sample3802	2004	2004	2003	2003
sample3033	2004	2004	2003	2003
sample3531	2004	2004	2003	2003
sample2164	2004	2004	2003	2003
sample2165	2004	2004	2000	2000
sample3803	2004	2004	2003	2003
sample3034	2004	2004	2004	2004
sample3287	2004	2004	2004	2004
sample3532	2004	2004	2003	2003
sample2166	2004	2004	2003	2003
sample3804	2004	2004	2004	2004
sample3035	2004	2004	2004	2004
sample3288	2004	2004	2004	2004
sample3533	2004	2004	2004	2004
sample2167	2004	2004	2003	2003
sample3805	2004	2004	2004	2004
sample3036	2004	2004	2001	2001
sample3289	2004	2004	2002	2002
sample2168	2004	2004	2002	2002
sample3534	2004	2004	2003	2003
sample3806	2004	2004	2002	2002
sample3290	2004	2004	2001	2001
sample3037	2004	2004	2003	2003
sample2169	2004	2004	2003	2003
sample3807	2004	2004	2004	2004
sample3535	2004	2004	2004	2004
sample3291	2004	2004	2004	2004
sample3038	2004	2004	2003	2003
sample2170	2004	2004	2002	2002
sample3808	2004	2004	2004	2004
sample2171	2004	2004	2003	2003
sample3536	2004	2004	2002	2002
sample3292	2004	2004	2004	2004
sample3039	2004	2004	2003	2003
sample2172	2004	2004	2003	2003
sample3809	2004	2004	2004	2004
sample3293	2004	2004	2003	2003
sample3040	2004	2004	2002	2002
sample3537	2004	2004	2002	2002
sample2173	2004	2004	2004	2004
sample3810	2004	2004	2004	2004
sample3294	2004	2004	2003	2003
sample3041	2004	2004	2003	2003
sample2174	2004	2004	2003	2003
sample3538	2004	2004	2003	2003
sample3811	2004	2004	2004	2004
sample2175	2004	2004	2003	2003
sample3295	2004	2004	2003	2003
sample3042	2004	2004	2001	2001
sample3539	2004	2004	2003	2003
sample3812	2004	2004	2003	2003
sample2176	2004	2004	2003	2003
sample3296	2004	2004	2003	2003
sample3043	2004	2004	2003	2003
sample3540	2004	2004	2000	2000
sample3813	2004	2004	2003	2003
sample3297	2004	2004	2004	2004
sample3044	2004	2004	2003	2003
sample3814	2004	2004	2003	2003
sample3541	2004	2004	2000	2000
sample3298	2004	2004	2004	2004
sample3045	2004	2004	2002	2002
sample3815	2004	2004	2003	2003
sample3299	2004	2004	2003	2003
sample3542	2004	2004	2003	2003
sample3046	2004	2004	2002	2002
sample3816	2004	2004	2004	2004
sample3300	2004	2004	2003	2003
sample3047	2004	2004	2002	2002
sample3543	2004	2004	2001	2001
sample3817	2004	2004	2002	2002
sample3301	2004	2004	2004	2004
sample3048	2004	2004	2003	2003
sample3818	2004	2004	2003	2003
sample3544	2004	2004	2003	2003
sample3302	2004	2004	2002	2002
sample3049	2004	2004	2004	2004
sample3819	2004	2004	2002	2002
sample3545	2004	2004	2003	2003
sample3303	2004	2004	2004	2004
sample3050	2004	2004	2004	2004
sample3820	2004	2004	2004	2004
sample3304	2004	2004	2004	2004
sample3546	2004	2004	2003	2003
sample3051	2004	2004	2002	2002
sample3821	2004	2004	2004	2004
sample3305	2004	2004	2004	2004
sample3052	2004	2004	2004	2004
sample3547	2004	2004	2004	2004
sample3822	2004	2004	2004	2004
sample3306	2004	2004	2004	2004
sample3053	2004	2004	2004	2004
sample3823	2004	2004	2004	2004
sample3548	2004	2004	2004	2004
sample3307	2004	2004	2004	2004
sample3054	2004	2004	2004	2004
sample3824	2004	2004	2003	2003
sample3549	2004	2004	2003	2003
sample3308	2004	2004	2004	2004
sample3055	2004	2004	2002	2002
sample3825	2004	2004	2003	2003
sample3550	2004	2004	2004	2004
sample3309	2004	2004	2003	2003
sample3056	2004	2004	2004	2004
sample3826	2004	2004	2004	2004
sample3551	2004	2004	2001	2001
sample3310	2004	2004	2004	2004
sample3827	2004	2004	2003	2003
sample3057	2004	2004	2004	2004
sample3552	2004	2004	2003	2003
sample3311	2004	2004	2003	2003
sample3828	2004	2004	2004	2004
sample3058	2004	2004	2004	2004
sample3312	2004	2004	2004	2004
sample3553	2004	2004	2004	2004
sample3829	2004	2004	2003	2003
sample3059	2004	2004	2004	2004
sample3313	2004	2004	2002	2002
sample3830	2004	2004	2003	2003
sample3060	2004	2004	2004	2004
sample3554	2004	2004	2003	2003
sample3314	2004	2004	2004	2004
sample3831	2004	2004	2003	2003
sample3061	2004	2004	2004	2004
sample3555	2004	2004	2001	2001
sample3832	2004	2004	2002	2002
sample3315	2004	2004	2003	2003
sample3062	2004	2004	2001	2001
sample3556	2004	2004	2002	2002
sample3063	2004	2004	2002	2002
sample3833	2004	2004	2003	2003
sample3316	2004	2004	2004	2004
sample3557	2004	2004	2002	2002
sample3834	2004	2004	2004	2004
sample3064	2004	2004	2003	2003
sample3317	2004	2004	2003	2003
sample3558	2004	2004	2004	2004
sample3065	2004	2004	2003	2003
sample3835	2004	2004	2003	2003
sample3318	2004	2004	2001	2001
sample3066	2004	2004	2003	2003
sample3559	2004	2004	2004	2004
sample3836	2004	2004	2003	2003
sample3319	2004	2004	2004	2004
sample3067	2004	2004	2003	2003
sample3560	2004	2004	1998	1998
sample3837	2004	2004	2003	2003
sample3320	2004	2004	2003	2003
sample3068	2004	2004	2003	2003
sample3838	2004	2004	2002	2002
sample3321	2004	2004	2002	2002
sample3561	2004	2004	2003	2003
sample3069	2004	2004	2003	2003
sample3839	2004	2004	2001	2001
sample3322	2004	2004	2004	2004
sample3562	2004	2004	2002	2002
sample3070	2004	2004	2003	2003
sample3840	2004	2004	2003	2003
sample3323	2004	2004	2004	2004
sample3563	2004	2004	2003	2003
sample3071	2004	2004	2003	2003
sample3324	2004	2004	2002	2002
sample3564	2004	2004	2002	2002
sample3072	2004	2004	2003	2003
sample3325	2004	2004	2004	2004
sample3565	2004	2004	2002	2002
sample3073	2004	2004	2003	2003
sample3326	2004	2004	2003	2003
sample3566	2004	2004	2003	2003
sample3074	2004	2004	2001	2001
sample3327	2004	2004	2003	2003
sample3567	2004	2004	2002	2002
sample3075	2004	2004	2004	2004
sample3328	2004	2004	2003	2003
sample3076	2004	2004	2003	2003
sample3568	2004	2004	2002	2002
sample3329	2004	2004	2002	2002
sample3077	2004	2004	2000	2000
sample3569	2004	2004	2004	2004
sample3330	2004	2004	2003	2003
sample3078	2004	2004	2004	2004
sample3570	2004	2004	2002	2002
sample3331	2004	2004	2003	2003
sample3079	2004	2004	2003	2003
sample3571	2004	2004	2003	2003
sample3332	2004	2004	2003	2003
sample3080	2004	2004	2002	2002
sample3333	2004	2004	2001	2001
sample3572	2004	2004	2004	2004
sample3081	2004	2004	2003	2003
sample3334	2004	2004	2003	2003
sample3573	2004	2004	2001	2001
sample3082	2004	2004	2003	2003
sample3335	2004	2004	2004	2004
sample3574	2004	2004	2002	2002
sample3083	2004	2004	2004	2004
sample3336	2004	2004	2002	2002
sample3575	2004	2004	2003	2003
sample3084	2004	2004	2004	2004
sample3337	2004	2004	2002	2002
sample3085	2004	2004	2003	2003
sample3576	2004	2004	2003	2003
sample3338	2004	2004	2003	2003
sample3086	2004	2004	2004	2004
sample3577	2004	2004	2004	2004
sample3339	2004	2004	2004	2004
sample3087	2004	2004	2003	2003
sample3578	2004	2004	2002	2002
sample3340	2004	2004	2004	2004
sample3088	2004	2004	2004	2004
sample3089	2004	2004	2004	2004
sample3579	2004	2004	2003	2003
sample3341	2004	2004	2003	2003
sample3090	2004	2004	2004	2004
sample3580	2004	2004	2003	2003
sample3342	2004	2004	2002	2002
sample3091	2004	2004	2004	2004
sample3581	2004	2004	2001	2001
sample3343	2004	2004	2001	2001
sample3092	2004	2004	2002	2002
sample3582	2004	2004	2004	2004
sample3344	2004	2004	2004	2004
sample3093	2004	2004	2003	2003
sample3583	2004	2004	2003	2003
sample3094	2004	2004	2002	2002
sample3345	2004	2004	2004	2004
sample3584	2004	2004	2003	2003
sample3095	2004	2004	2004	2004
sample3346	2004	2004	2004	2004
sample3585	2004	2004	2004	2004
sample3096	2004	2004	2004	2004
sample3347	2004	2004	2003	2003
sample3097	2004	2004	2001	2001
sample3348	2004	2004	2004	2004
sample3586	2004	2004	2004	2004
sample3098	2004	2004	2004	2004
sample3349	2004	2004	2003	2003
sample3587	2004	2004	2004	2004
sample3099	2004	2004	2003	2003
sample3350	2004	2004	2004	2004
sample3588	2004	2004	2004	2004
sample3100	2004	2004	2003	2003
sample3351	2004	2004	2004	2004
sample3589	2004	2004	2003	2003
sample3101	2004	2004	2004	2004
sample3352	2004	2004	2003	2003
sample3590	2004	2004	2002	2002
sample3102	2004	2004	2004	2004
sample3353	2004	2004	2003	2003
sample3103	2004	2004	2003	2003
sample3591	2004	2004	2004	2004
sample3354	2004	2004	2003	2003
sample3104	2004	2004	2003	2003
sample3592	2004	2004	2004	2004
sample3355	2004	2004	2003	2003
sample3105	2004	2004	2003	2003
sample3593	2004	2004	2004	2004
sample3356	2004	2004	2004	2004
sample3106	2004	2004	2004	2004
sample3594	2004	2004	2003	2003
sample3357	2004	2004	2003	2003
sample3107	2004	2004	2002	2002
sample3595	2004	2004	2004	2004
sample3358	2004	2004	2002	2002
sample3108	2004	2004	2003	2003
sample3596	2004	2004	2003	2003
sample3359	2004	2004	2003	2003
sample3109	2004	2004	2003	2003
sample3360	2004	2004	2003	2003
sample3597	2004	2004	2004	2004
sample3110	2004	2004	2002	2002
sample3361	2004	2004	2003	2003
sample3598	2004	2004	2003	2003
sample3111	2004	2004	2003	2003
sample3362	2004	2004	2004	2004
sample3599	2004	2004	2000	2000
sample3112	2004	2004	2003	2003
sample3363	2004	2004	2004	2004
sample3600	2004	2004	2004	2004
sample3113	2004	2004	2003	2003
sample3364	2004	2004	2004	2004
sample3601	2004	2004	2003	2003
sample3114	2004	2004	2002	2002
sample3365	2004	2004	2004	2004
sample3115	2004	2004	2004	2004
sample3602	2004	2004	2002	2002
sample3366	2004	2004	2001	2001
sample3116	2004	2004	2003	2003
sample3603	2004	2004	2002	2002
sample3367	2004	2004	2003	2003
sample3117	2004	2004	2004	2004
sample3604	2004	2004	2003	2003
sample3368	2004	2004	2003	2003
sample3118	2004	2004	2004	2004
sample3605	2004	2004	2003	2003
sample3369	2004	2004	2003	2003
sample3119	2004	2004	2004	2004
sample3606	2004	2004	2004	2004
sample3370	2004	2004	2002	2002
sample3120	2004	2004	2003	2003
sample3121	2004	2004	2004	2004
sample3371	2004	2004	2004	2004
sample3607	2004	2004	2004	2004
sample3122	2004	2004	2003	2003
sample3372	2004	2004	2004	2004
sample3608	2004	2004	2004	2004
sample3123	2004	2004	2003	2003
sample3373	2004	2004	2003	2003
sample3609	2004	2004	2004	2004
sample3124	2004	2004	2004	2004
sample3374	2004	2004	2003	2003
sample3610	2004	2004	2004	2004
sample3375	2004	2004	2004	2004
sample3125	2004	2004	2003	2003
sample3611	2004	2004	2002	2002
sample3126	2004	2004	2003	2003
sample3376	2004	2004	2004	2004
sample3612	2004	2004	2001	2001
sample3127	2004	2004	2004	2004
sample3377	2004	2004	2003	2003
sample3613	2004	2004	2004	2004
sample3128	2004	2004	2003	2003
sample3378	2004	2004	2004	2004
sample3614	2004	2004	2003	2003
sample3129	2004	2004	2004	2004
sample3379	2004	2004	2003	2003
sample3615	2004	2004	2004	2004
sample3130	2004	2004	2002	2002
sample3380	2004	2004	2004	2004
sample3616	2004	2004	2004	2004
sample3131	2004	2004	2004	2004
sample3381	2004	2004	2004	2004
sample3617	2004	2004	2001	2001
sample3132	2004	2004	2002	2002
sample3382	2004	2004	2002	2002
sample3133	2004	2004	2003	2003
sample3618	2004	2004	2004	2004
sample3383	2004	2004	2004	2004
sample3134	2004	2004	2003	2003
sample3619	2004	2004	2003	2003
sample3384	2004	2004	2004	2004
sample3135	2004	2004	2003	2003
sample3385	2004	2004	2003	2003
sample3620	2004	2004	2004	2004
sample3136	2004	2004	2002	2002
sample3386	2004	2004	2003	2003
sample3621	2004	2004	2003	2003
sample3137	2004	2004	2002	2002
sample3387	2004	2004	2003	2003
sample3622	2004	2004	2003	2003
sample3138	2004	2004	2004	2004
sample3388	2004	2004	2002	2002
sample3623	2004	2004	2003	2003
sample3139	2004	2004	2004	2004
sample3389	2004	2004	2004	2004
sample3624	2004	2004	2004	2004
sample3140	2004	2004	2004	2004
sample3390	2004	2004	2001	2001
sample3625	2004	2004	2004	2004
sample3141	2004	2004	2004	2004
sample3391	2004	2004	2003	2003
sample3142	2004	2004	2001	2001
sample3626	2004	2004	2003	2003
sample3392	2004	2004	2003	2003
sample3143	2004	2004	2002	2002
sample3627	2004	2004	2003	2003
sample3393	2004	2004	2003	2003
sample3144	2004	2004	2004	2004
sample3628	2004	2004	2004	2004
sample3394	2004	2004	2004	2004
sample3145	2004	2004	2004	2004
sample3629	2004	2004	2002	2002
sample3395	2004	2004	2004	2004
sample3146	2004	2004	2003	2003
sample3630	2004	2004	2001	2001
sample3396	2004	2004	2002	2002
sample3147	2004	2004	2004	2004
sample3397	2004	2004	2003	2003
sample3631	2004	2004	2004	2004
sample3148	2004	2004	2003	2003
sample3398	2004	2004	2004	2004
sample3632	2004	2004	2004	2004
sample3149	2004	2004	2004	2004
sample3399	2004	2004	2004	2004
sample3150	2004	2004	2004	2004
sample3633	2004	2004	2004	2004
sample3400	2004	2004	2003	2003
sample3151	2004	2004	2004	2004
sample3634	2004	2004	2003	2003
sample3401	2004	2004	2004	2004
sample3152	2004	2004	2003	2003
sample3635	2004	2004	2004	2004
sample3402	2004	2004	2003	2003
sample3153	2004	2004	2003	2003
sample3636	2004	2004	2002	2002
sample3403	2004	2004	2003	2003
sample3154	2004	2004	2002	2002
sample3404	2004	2004	2003	2003
sample3637	2004	2004	2003	2003
sample3155	2004	2004	2003	2003
sample3405	2004	2004	2003	2003
sample3156	2004	2004	2004	2004
sample3638	2004	2004	2002	2002
sample3406	2004	2004	2002	2002
sample3157	2004	2004	2004	2004
sample3639	2004	2004	2004	2004
sample3407	2004	2004	2003	2003
sample3158	2004	2004	2003	2003
sample3640	2004	2004	2004	2004
sample3408	2004	2004	2004	2004
sample3159	2004	2004	2003	2003
sample3641	2004	2004	2004	2004
sample3160	2004	2004	2004	2004
sample3409	2004	2004	2003	2003
sample3642	2004	2004	2003	2003
sample3161	2004	2004	2002	2002
sample3410	2004	2004	2003	2003
sample3643	2004	2004	2004	2004
sample3411	2004	2004	2004	2004
sample3162	2004	2004	2002	2002
sample3644	2004	2004	2002	2002
sample3412	2004	2004	2003	2003
sample3163	2004	2004	2003	2003
sample3645	2004	2004	2003	2003
sample3164	2004	2004	2004	2004
sample3413	2004	2004	2004	2004
sample3414	2004	2004	2003	2003
sample3165	2004	2004	2003	2003
sample3646	2004	2004	2003	2003
sample3415	2004	2004	2001	2001
sample3166	2004	2004	2004	2004
sample3647	2004	2004	2003	2003
sample3416	2004	2004	2003	2003
sample3167	2004	2004	2004	2004
sample3648	2004	2004	2004	2004
sample3168	2004	2004	2002	2002
sample3417	2004	2004	2003	2003
sample3649	2004	2004	2004	2004
sample3418	2004	2004	2002	2002
sample3169	2004	2004	2001	2001
sample3650	2004	2004	2003	2003
sample3170	2004	2004	2003	2003
sample3419	2004	2004	2004	2004
sample3420	2004	2004	2004	2004
sample3171	2004	2004	2001	2001
sample3651	2004	2004	2003	2003
sample3421	2004	2004	2003	2003
sample3172	2004	2004	2003	2003
sample3652	2004	2004	2004	2004
sample3422	2004	2004	2004	2004
sample3173	2004	2004	2004	2004
sample3653	2004	2004	2003	2003
sample3423	2004	2004	2004	2004
sample3174	2004	2004	2003	2003
sample3654	2004	2004	2002	2002
sample3424	2004	2004	2004	2004
sample3175	2004	2004	2004	2004
sample3655	2004	2004	2004	2004
sample3425	2004	2004	2003	2003
sample3176	2004	2004	2004	2004
sample3177	2004	2004	2003	2003
sample3426	2004	2004	2004	2004
sample3656	2004	2004	2003	2003
sample3178	2004	2004	2003	2003
sample3427	2004	2004	2003	2003
sample3657	2004	2004	2004	2004
sample3179	2004	2004	2004	2004
sample3428	2004	2004	2004	2004
sample3658	2004	2004	2004	2004
sample3180	2004	2004	2004	2004
sample3429	2004	2004	2002	2002
sample3659	2004	2004	2003	2003
sample3181	2004	2004	2003	2003
sample3430	2004	2004	2002	2002
sample3660	2004	2004	2003	2003
sample3182	2004	2004	2000	2000
sample3431	2004	2004	2004	2004
sample3661	2004	2004	2003	2003
sample3183	2004	2004	2004	2004
sample3432	2004	2004	2003	2003
sample3184	2004	2004	2004	2004
sample3662	2004	2004	2002	2002
sample3433	2004	2004	2004	2004
sample3185	2004	2004	2003	2003
sample3663	2004	2004	2004	2004
sample3434	2004	2004	2004	2004
sample3186	2004	2004	2004	2004
sample3435	2004	2004	2003	2003
sample3664	2004	2004	2004	2004
sample3187	2004	2004	2003	2003
sample3436	2004	2004	2003	2003
sample3665	2004	2004	2003	2003
sample3188	2004	2004	2004	2004
sample3437	2004	2004	2003	2003
sample3189	2004	2004	2003	2003
sample3666	2004	2004	2004	2004
sample3438	2004	2004	2004	2004
sample3190	2004	2004	2004	2004
sample3667	2004	2004	2003	2003
sample3439	2004	2004	2004	2004
sample3191	2004	2004	2004	2004
sample3440	2004	2004	2002	2002
sample3668	2004	2004	2004	2004
sample3192	2004	2004	2004	2004
sample3441	2004	2004	2003	2003
sample3669	2004	2004	2003	2003
sample3193	2004	2004	2002	2002
sample3442	2004	2004	2004	2004
sample3670	2004	2004	2004	2004
sample3194	2004	2004	2002	2002
sample3443	2004	2004	2004	2004
sample3671	2004	2004	2001	2001
sample3195	2004	2004	2004	2004
sample3444	2004	2004	2002	2002
sample3196	2004	2004	2003	2003
sample3672	2004	2004	2004	2004
sample3445	2004	2004	2004	2004
sample3197	2004	2004	2002	2002
sample3673	2004	2004	2002	2002
sample3446	2004	2004	2003	2003
sample3198	2004	2004	2004	2004
sample3674	2004	2004	2004	2004
sample3447	2004	2004	2001	2001
sample3199	2004	2004	2003	2003
sample3675	2004	2004	2002	2002
sample3448	2004	2004	2003	2003
sample3200	2004	2004	2004	2004
sample3449	2004	2004	2004	2004
sample3676	2004	2004	2003	2003
sample3450	2004	2004	2002	2002
sample3677	2004	2004	2004	2004
sample3451	2004	2004	2004	2004
sample3678	2004	2004	2002	2002
sample3452	2004	2004	2003	2003
sample3679	2004	2004	2003	2003
sample3453	2004	2004	2003	2003
sample3680	2004	2004	2003	2003
sample3454	2004	2004	2004	2004
sample3681	2004	2004	2002	2002
sample3455	2004	2004	2002	2002
sample3682	2004	2004	2004	2004
sample3456	2004	2004	2003	2003
sample3683	2004	2004	2004	2004
sample3684	2004	2004	2003	2003
sample3685	2004	2004	2003	2003
sample3686	2004	2004	2004	2004
sample3687	2004	2004	2004	2004
sample3688	2004	2004	2004	2004
sample3689	2004	2004	2003	2003
sample3690	2004	2004	2003	2003
sample3691	2004	2004	2002	2002
sample3692	2004	2004	2003	2003
sample3693	2004	2004	2002	2002
sample3694	2004	2004	2004	2004
sample3695	2004	2004	2004	2004
sample3696	2004	2004	2003	2003
sample3697	2004	2004	2004	2004
sample3698	2004	2004	2004	2004
sample3699	2004	2004	2003	2003
sample3700	2004	2004	2004	2004
sample3701	2004	2004	2003	2003
sample3702	2004	2004	2002	2002
sample3703	2004	2004	2004	2004
sample3704	2004	2004	2003	2003
sample3705	2004	2004	2004	2004
sample3706	2004	2004	2003	2003
sample3707	2004	2004	2004	2004
sample3708	2004	2004	2004	2004
sample3709	2004	2004	2003	2003
sample3710	2004	2004	2003	2003
sample3711	2004	2004	2003	2003
sample3712	2004	2004	2004	2004
