sample	r1_raw	r2_raw	r1_trimmed_paired	r2_trimmed_paired
sample2177	2004	2004	2004	2004
sample2433	2004	2004	2004	2004
sample2689	2004	2004	2004	2004
sample1921	2004	2004	2004	2004
sample2690	2004	2004	2004	2004
sample2178	2004	2004	2003	2003
sample2434	2004	2004	2004	2004
sample1922	2004	2004	2004	2004
sample2691	2004	2004	2004	2004
sample2179	2004	2004	2004	2004
sample2435	2004	2004	2003	2003
sample1923	2004	2004	2003	2003
sample2692	2004	2004	2004	2004
sample2180	2004	2004	2004	2004
sample2436	2004	2004	2003	2003
sample1924	2004	2004	2004	2004
sample2693	2004	2004	2004	2004
sample2181	2004	2004	2003	2003
sample2437	2004	2004	2004	2004
sample1925	2004	2004	2002	2002
sample2694	2004	2004	2003	2003
sample2182	2004	2004	2004	2004
sample2438	2004	2004	2004	2004
sample1926	2004	2004	2003	2003
sample2695	2004	2004	2004	2004
sample2183	2004	2004	2003	2003
sample2439	2004	2004	2003	2003
sample1927	2004	2004	2004	2004
sample2696	2004	2004	2004	2004
sample2184	2004	2004	2004	2004
sample2440	2004	2004	2004	2004
sample2697	2004	2004	2003	2003
sample2185	2004	2004	2003	2003
sample1928	2004	2004	2004	2004
sample2441	2004	2004	2003	2003
sample2186	2004	2004	2004	2004
sample2698	2004	2004	2002	2002
sample1929	2004	2004	2003	2003
sample2442	2004	2004	2004	2004
sample2699	2004	2004	2004	2004
sample2187	2004	2004	2001	2001
sample1930	2004	2004	2003	2003
sample2700	2004	2004	2002	2002
sample2188	2004	2004	2004	2004
sample2443	2004	2004	2003	2003
sample1931	2004	2004	2003	2003
sample2701	2004	2004	2003	2003
sample2189	2004	2004	2004	2004
sample2444	2004	2004	2004	2004
sample1932	2004	2004	2001	2001
sample2702	2004	2004	2003	2003
sample2190	2004	2004	2001	2001
sample2445	2004	2004	2002	2002
sample1933	2004	2004	2002	2002
sample2703	2004	2004	2002	2002
sample2191	2004	2004	2003	2003
sample2446	2004	2004	2001	2001
sample1934	2004	2004	2003	2003
sample2704	2004	2004	2003	2003
sample2192	2004	2004	2002	2002
sample2447	2004	2004	2002	2002
sample1935	2004	2004	2004	2004
sample2193	2004	2004	2003	2003
sample2705	2004	2004	2004	2004
sample2448	2004	2004	2004	2004
sample2706	2004	2004	2003	2003
sample1936	2004	2004	2004	2004
sample2194	2004	2004	2004	2004
sample2449	2004	2004	2004	2004
sample2195	2004	2004	2002	2002
sample2707	2004	2004	2003	2003
sample1937	2004	2004	2004	2004
sample2450	2004	2004	2004	2004
sample2196	2004	2004	2003	2003
sample2708	2004	2004	2001	2001
sample1938	2004	2004	2004	2004
sample2451	2004	2004	2002	2002
sample2197	2004	2004	2003	2003
sample2709	2004	2004	2004	2004
sample1939	2004	2004	2003	2003
sample2452	2004	2004	2002	2002
sample2198	2004	2004	2004	2004
sample2710	2004	2004	2003	2003
sample2453	2004	2004	2004	2004
sample1940	2004	2004	2002	2002
sample2199	2004	2004	2004	2004
sample2711	2004	2004	2003	2003
sample2454	2004	2004	2002	2002
sample2200	2004	2004	2003	2003
sample1941	2004	2004	2004	2004
sample2712	2004	2004	2003	2003
sample2455	2004	2004	2001	2001
sample2201	2004	2004	2003	2003
sample1942	2004	2004	2001	2001
sample2713	2004	2004	2004	2004
sample2202	2004	2004	2002	2002
sample2456	2004	2004	2002	2002
sample2714	2004	2004	2004	2004
sample1943	2004	2004	2002	2002
sample2203	2004	2004	2001	2001
sample2457	2004	2004	2003	2003
sample2715	2004	2004	2002	2002
sample1944	2004	2004	2003	2003
sample2204	2004	2004	2003	2003
sample2458	2004	2004	2004	2004
sample2716	2004	2004	2000	2000
sample1945	2004	2004	2003	2003
sample2205	2004	2004	2004	2004
sample2459	2004	2004	2003	2003
sample2717	2004	2004	2003	2003
sample1946	2004	2004	2004	2004
sample2206	2004	2004	2002	2002
sample2460	2004	2004	2004	2004
sample2718	2004	2004	2002	2002
sample1947	2004	2004	2003	2003
sample2207	2004	2004	2003	2003
sample2461	2004	2004	2004	2004
sample2719	2004	2004	2002	2002
sample1948	2004	2004	2004	2004
sample2208	2004	2004	2003	2003
sample2462	2004	2004	2004	2004
sample2720	2004	2004	2004	2004
sample1949	2004	2004	2001	2001
sample2209	2004	2004	2003	2003
sample2721	2004	2004	2004	2004
sample2463	2004	2004	2004	2004
sample1950	2004	2004	2002	2002
sample2210	2004	2004	2002	2002
sample2722	2004	2004	2000	2000
sample2464	2004	2004	2004	2004
sample2211	2004	2004	2002	2002
sample1951	2004	2004	2004	2004
sample2723	2004	2004	2004	2004
sample2465	2004	2004	2003	2003
sample2212	2004	2004	2004	2004
sample1952	2004	2004	2003	2003
sample2724	2004	2004	2004	2004
sample2466	2004	2004	2004	2004
sample2213	2004	2004	2002	2002
sample1953	2004	2004	2002	2002
sample2725	2004	2004	2002	2002
sample2214	2004	2004	2003	2003
sample2467	2004	2004	2004	2004
sample1954	2004	2004	2003	2003
sample2726	2004	2004	2002	2002
sample2215	2004	2004	2003	2003
sample2468	2004	2004	2004	2004
sample1955	2004	2004	2003	2003
sample2727	2004	2004	2003	2003
sample2216	2004	2004	2002	2002
sample2469	2004	2004	2004	2004
sample1956	2004	2004	2002	2002
sample2728	2004	2004	2004	2004
sample2217	2004	2004	2004	2004
sample2470	2004	2004	2003	2003
sample2729	2004	2004	2003	2003
sample1957	2004	2004	2003	2003
sample2218	2004	2004	2004	2004
sample2471	2004	2004	2001	2001
sample2730	2004	2004	2003	2003
sample1958	2004	2004	2001	2001
sample2219	2004	2004	2002	2002
sample2472	2004	2004	2004	2004
sample2731	2004	2004	2002	2002
sample1959	2004	2004	2002	2002
sample2220	2004	2004	2002	2002
sample2732	2004	2004	2001	2001
sample2473	2004	2004	2004	2004
sample1960	2004	2004	2003	2003
sample1961	2004	2004	2002	2002
sample2221	2004	2004	2003	2003
sample2733	2004	2004	2003	2003
sample2474	2004	2004	2003	2003
sample1962	2004	2004	2004	2004
sample2222	2004	2004	2004	2004
sample2734	2004	2004	2003	2003
sample2475	2004	2004	2000	2000
sample2223	2004	2004	2002	2002
sample1963	2004	2004	2004	2004
sample2735	2004	2004	2001	2001
sample2476	2004	2004	2004	2004
sample2224	2004	2004	2003	2003
sample1964	2004	2004	2003	2003
sample2736	2004	2004	2004	2004
sample2225	2004	2004	2002	2002
sample2477	2004	2004	2004	2004
sample1965	2004	2004	2004	2004
sample2737	2004	2004	2003	2003
sample2226	2004	2004	2003	2003
sample2478	2004	2004	2004	2004
sample1966	2004	2004	2004	2004
sample2738	2004	2004	2003	2003
sample2227	2004	2004	1999	1999
sample2479	2004	2004	2003	2003
sample1967	2004	2004	2004	2004
sample2739	2004	2004	2003	2003
sample2228	2004	2004	2002	2002
sample2480	2004	2004	2004	2004
sample2740	2004	2004	2004	2004
sample1968	2004	2004	2004	2004
sample2229	2004	2004	2004	2004
sample2481	2004	2004	2004	2004
sample2741	2004	2004	2003	2003
sample2230	2004	2004	2002	2002
sample1969	2004	2004	2004	2004
sample2482	2004	2004	2004	2004
sample2742	2004	2004	2004	2004
sample2231	2004	2004	2004	2004
sample2743	2004	2004	2004	2004
sample2483	2004	2004	2003	2003
sample1970	2004	2004	2004	2004
sample2232	2004	2004	2004	2004
sample2744	2004	2004	2002	2002
sample2484	2004	2004	2003	2003
sample1971	2004	2004	2001	2001
sample2233	2004	2004	2003	2003
sample2745	2004	2004	2002	2002
sample2485	2004	2004	2003	2003
sample1972	2004	2004	2003	2003
sample2234	2004	2004	2002	2002
sample2746	2004	2004	2004	2004
sample2486	2004	2004	2004	2004
sample1973	2004	2004	2004	2004
sample2235	2004	2004	2004	2004
sample2747	2004	2004	2003	2003
sample2487	2004	2004	2004	2004
sample2236	2004	2004	2004	2004
sample1974	2004	2004	2002	2002
sample2748	2004	2004	2003	2003
sample2488	2004	2004	2003	2003
sample2237	2004	2004	2003	2003
sample1975	2004	2004	2004	2004
sample2749	2004	2004	2001	2001
sample2489	2004	2004	2002	2002
sample2238	2004	2004	2004	2004
sample2750	2004	2004	2003	2003
sample1976	2004	2004	1999	1999
sample2239	2004	2004	2002	2002
sample2490	2004	2004	2004	2004
sample2751	2004	2004	2002	2002
sample2240	2004	2004	2002	2002
sample1977	2004	2004	2002	2002
sample2491	2004	2004	2004	2004
sample2752	2004	2004	2003	2003
sample2241	2004	2004	2003	2003
sample1978	2004	2004	2004	2004
sample2492	2004	2004	2004	2004
sample2493	2004	2004	2004	2004
sample2753	2004	2004	2003	2003
sample2242	2004	2004	2004	2004
sample1979	2004	2004	2004	2004
sample2494	2004	2004	2004	2004
sample2754	2004	2004	2004	2004
sample2243	2004	2004	2003	2003
sample1980	2004	2004	2004	2004
sample2755	2004	2004	2002	2002
sample2495	2004	2004	2003	2003
sample2244	2004	2004	2003	2003
sample2756	2004	2004	2003	2003
sample1981	2004	2004	2003	2003
sample2496	2004	2004	2003	2003
sample2245	2004	2004	2004	2004
sample2757	2004	2004	2004	2004
sample2497	2004	2004	2003	2003
sample2246	2004	2004	2002	2002
sample1982	2004	2004	2003	2003
sample2758	2004	2004	2004	2004
sample2498	2004	2004	2003	2003
sample2247	2004	2004	2003	2003
sample1983	2004	2004	2001	2001
sample2759	2004	2004	2002	2002
sample2248	2004	2004	2003	2003
sample2499	2004	2004	2002	2002
sample1984	2004	2004	2002	2002
sample2760	2004	2004	2004	2004
sample2249	2004	2004	2004	2004
sample2500	2004	2004	2002	2002
sample2761	2004	2004	2004	2004
sample1985	2004	2004	2004	2004
sample2250	2004	2004	2003	2003
sample2501	2004	2004	2004	2004
sample2762	2004	2004	2002	2002
sample2251	2004	2004	2004	2004
sample1986	2004	2004	2004	2004
sample2502	2004	2004	2004	2004
sample2763	2004	2004	2003	2003
sample2252	2004	2004	2003	2003
sample1987	2004	2004	2003	2003
sample2503	2004	2004	2002	2002
sample2764	2004	2004	2004	2004
sample2253	2004	2004	2003	2003
sample1988	2004	2004	2003	2003
sample2765	2004	2004	2004	2004
sample2504	2004	2004	2002	2002
sample2254	2004	2004	2003	2003
sample1989	2004	2004	2002	2002
sample2766	2004	2004	2003	2003
sample2505	2004	2004	2002	2002
sample2255	2004	2004	2003	2003
sample1990	2004	2004	2004	2004
sample2767	2004	2004	2001	2001
sample2506	2004	2004	2004	2004
sample2256	2004	2004	2000	2000
sample2768	2004	2004	2004	2004
sample2507	2004	2004	2003	2003
sample2257	2004	2004	2003	2003
sample1991	2004	2004	2003	2003
sample2769	2004	2004	2002	2002
sample2258	2004	2004	2003	2003
sample2508	2004	2004	2003	2003
sample1992	2004	2004	2003	2003
sample2770	2004	2004	2004	2004
sample2259	2004	2004	2004	2004
sample2509	2004	2004	2004	2004
sample2771	2004	2004	2004	2004
sample2260	2004	2004	2003	2003
sample1993	2004	2004	2003	2003
sample2510	2004	2004	2002	2002
sample2772	2004	2004	2004	2004
sample2261	2004	2004	2004	2004
sample2511	2004	2004	2004	2004
sample1994	2004	2004	2004	2004
sample2773	2004	2004	2004	2004
sample2262	2004	2004	2003	2003
sample2512	2004	2004	2003	2003
sample2774	2004	2004	2004	2004
sample2263	2004	2004	2004	2004
sample1995	2004	2004	2004	2004
sample2513	2004	2004	2002	2002
sample2775	2004	2004	2002	2002
sample2264	2004	2004	2004	2004
sample2514	2004	2004	2003	2003
sample1996	2004	2004	2004	2004
sample2776	2004	2004	2004	2004
sample2265	2004	2004	2004	2004
sample2515	2004	2004	2002	2002
sample2777	2004	2004	2003	2003
sample1997	2004	2004	2002	2002
sample2266	2004	2004	2003	2003
sample2516	2004	2004	2004	2004
sample2778	2004	2004	2004	2004
sample1998	2004	2004	2002	2002
sample2267	2004	2004	2003	2003
sample2779	2004	2004	2002	2002
sample2517	2004	2004	2001	2001
sample1999	2004	2004	2004	2004
sample2268	2004	2004	2004	2004
sample2518	2004	2004	2004	2004
sample2780	2004	2004	2004	2004
sample2269	2004	2004	2004	2004
sample2000	2004	2004	2003	2003
sample2781	2004	2004	2003	2003
sample2519	2004	2004	2003	2003
sample2270	2004	2004	2003	2003
sample2001	2004	2004	2004	2004
sample2782	2004	2004	2003	2003
sample2520	2004	2004	2003	2003
sample2271	2004	2004	2003	2003
sample2783	2004	2004	2002	2002
sample2002	2004	2004	2004	2004
sample2521	2004	2004	2003	2003
sample2272	2004	2004	2004	2004
sample2784	2004	2004	2003	2003
sample2273	2004	2004	2003	2003
sample2522	2004	2004	2004	2004
sample2003	2004	2004	2004	2004
sample2785	2004	2004	2004	2004
sample2274	2004	2004	2004	2004
sample2523	2004	2004	2003	2003
sample2004	2004	2004	2002	2002
sample2786	2004	2004	2004	2004
sample2275	2004	2004	2004	2004
sample2524	2004	2004	2004	2004
sample2005	2004	2004	2002	2002
sample2787	2004	2004	2002	2002
sample2276	2004	2004	2002	2002
sample2525	2004	2004	2003	2003
sample2006	2004	2004	2002	2002
sample2788	2004	2004	2001	2001
sample2277	2004	2004	2002	2002
sample2526	2004	2004	2004	2004
sample2007	2004	2004	2001	2001
sample2789	2004	2004	2002	2002
sample2278	2004	2004	2001	2001
sample2527	2004	2004	2004	2004
sample2790	2004	2004	2004	2004
sample2008	2004	2004	2002	2002
sample2279	2004	2004	2003	2003
sample2528	2004	2004	2004	2004
sample2791	2004	2004	2003	2003
sample2009	2004	2004	1999	1999
sample2280	2004	2004	2003	2003
sample2529	2004	2004	2003	2003
sample2792	2004	2004	2003	2003
sample2010	2004	2004	2003	2003
sample2281	2004	2004	2002	2002
sample2530	2004	2004	2002	2002
sample2793	2004	2004	2002	2002
sample2011	2004	2004	2003	2003
sample2282	2004	2004	2002	2002
sample2794	2004	2004	2002	2002
sample2531	2004	2004	2003	2003
sample2012	2004	2004	2003	2003
sample2283	2004	2004	2004	2004
sample2795	2004	2004	2004	2004
sample2532	2004	2004	2004	2004
sample2013	2004	2004	2002	2002
sample2284	2004	2004	2004	2004
sample2796	2004	2004	2002	2002
sample2533	2004	2004	2002	2002
sample2285	2004	2004	2003	2003
sample2014	2004	2004	2003	2003
sample2797	2004	2004	2003	2003
sample2534	2004	2004	2002	2002
sample2286	2004	2004	2003	2003
sample2798	2004	2004	2003	2003
sample2015	2004	2004	2004	2004
sample2535	2004	2004	2003	2003
sample2287	2004	2004	2004	2004
sample2799	2004	2004	2004	2004
sample2016	2004	2004	2004	2004
sample2536	2004	2004	2003	2003
sample2288	2004	2004	2004	2004
sample2800	2004	2004	2004	2004
sample2017	2004	2004	2004	2004
sample2289	2004	2004	2004	2004
sample2537	2004	2004	2002	2002
sample2801	2004	2004	2004	2004
sample2290	2004	2004	2003	2003
sample2538	2004	2004	2003	2003
sample2802	2004	2004	2003	2003
sample2018	2004	2004	2004	2004
sample2803	2004	2004	2004	2004
sample2291	2004	2004	2003	2003
sample2019	2004	2004	2002	2002
sample2539	2004	2004	2003	2003
sample2804	2004	2004	2002	2002
sample2292	2004	2004	2001	2001
sample2020	2004	2004	2003	2003
sample2540	2004	2004	2004	2004
sample2805	2004	2004	2003	2003
sample2293	2004	2004	2003	2003
sample2021	2004	2004	2004	2004
sample2541	2004	2004	2002	2002
sample2806	2004	2004	2003	2003
sample2294	2004	2004	2004	2004
sample2022	2004	2004	2003	2003
sample2542	2004	2004	2003	2003
sample2807	2004	2004	2002	2002
sample2295	2004	2004	2003	2003
sample2023	2004	2004	2004	2004
sample2543	2004	2004	2003	2003
sample2808	2004	2004	2002	2002
sample2296	2004	2004	2003	2003
sample2544	2004	2004	2004	2004
sample2024	2004	2004	2003	2003
sample2297	2004	2004	2004	2004
sample2809	2004	2004	2002	2002
sample2810	2004	2004	2003	2003
sample2298	2004	2004	2004	2004
sample2299	2004	2004	2004	2004
sample2811	2004	2004	2004	2004
sample2025	2004	2004	2001	2001
sample2545	2004	2004	2004	2004
sample2300	2004	2004	2004	2004
sample2812	2004	2004	2004	2004
sample2026	2004	2004	2003	2003
sample2546	2004	2004	2003	2003
sample2301	2004	2004	2004	2004
sample2813	2004	2004	2004	2004
sample2547	2004	2004	2003	2003
sample2027	2004	2004	2002	2002
sample2302	2004	2004	2004	2004
sample2814	2004	2004	2004	2004
sample2028	2004	2004	2003	2003
sample2548	2004	2004	2003	2003
sample2815	2004	2004	2004	2004
sample2303	2004	2004	2004	2004
sample2029	2004	2004	2004	2004
sample2549	2004	2004	2002	2002
sample2816	2004	2004	2004	2004
sample2304	2004	2004	2003	2003
sample2030	2004	2004	2003	2003
sample2550	2004	2004	2002	2002
sample2817	2004	2004	2001	2001
sample2305	2004	2004	2003	2003
sample2031	2004	2004	2004	2004
sample2551	2004	2004	2003	2003
sample2818	2004	2004	2004	2004
sample2306	2004	2004	2002	2002
sample2032	2004	2004	2002	2002
sample2552	2004	2004	2002	2002
sample2307	2004	2004	2004	2004
sample2819	2004	2004	2001	2001
sample2033	2004	2004	2004	2004
sample2308	2004	2004	2002	2002
sample2553	2004	2004	2004	2004
sample2820	2004	2004	2002	2002
sample2309	2004	2004	2003	2003
sample2821	2004	2004	2003	2003
sample2034	2004	2004	2002	2002
sample2554	2004	2004	2004	2004
sample2310	2004	2004	2002	2002
sample2822	2004	2004	2004	2004
sample2555	2004	2004	2004	2004
sample2035	2004	2004	2002	2002
sample2311	2004	2004	2002	2002
sample2823	2004	2004	2003	2003
sample2556	2004	2004	2004	2004
sample2036	2004	2004	2003	2003
sample2312	2004	2004	2004	2004
sample2824	2004	2004	2004	2004
sample2557	2004	2004	2003	2003
sample2037	2004	2004	2003	2003
sample2313	2004	2004	2004	2004
sample2825	2004	2004	2003	2003
sample2558	2004	2004	2003	2003
sample2314	2004	2004	2003	2003
sample2038	2004	2004	2004	2004
sample2826	2004	2004	2003	2003
sample2559	2004	2004	2004	2004
sample2315	2004	2004	2002	2002
sample2827	2004	2004	2003	2003
sample2039	2004	2004	2002	2002
sample2560	2004	2004	2003	2003
sample2316	2004	2004	2003	2003
sample2828	2004	2004	2004	2004
sample2040	2004	2004	2001	2001
sample2561	2004	2004	2002	2002
sample2317	2004	2004	2001	2001
sample2829	2004	2004	2002	2002
sample2041	2004	2004	2002	2002
sample2562	2004	2004	2002	2002
sample2318	2004	2004	2004	2004
sample2830	2004	2004	2003	2003
sample2563	2004	2004	2001	2001
sample2042	2004	2004	2003	2003
sample2831	2004	2004	2004	2004
sample2319	2004	2004	2004	2004
sample2564	2004	2004	2003	2003
sample2832	2004	2004	2003	2003
sample2320	2004	2004	2002	2002
sample2043	2004	2004	2002	2002
sample2565	2004	2004	2003	2003
sample2833	2004	2004	2004	2004
sample2321	2004	2004	2004	2004
sample2044	2004	2004	2004	2004
sample2834	2004	2004	2003	2003
sample2322	2004	2004	2003	2003
sample2566	2004	2004	2003	2003
sample2045	2004	2004	2003	2003
sample2835	2004	2004	2003	2003
sample2323	2004	2004	2002	2002
sample2567	2004	2004	2002	2002
sample2836	2004	2004	2002	2002
sample2324	2004	2004	2003	2003
sample2046	2004	2004	2003	2003
sample2568	2004	2004	2004	2004
sample2837	2004	2004	2002	2002
sample2325	2004	2004	2004	2004
sample2047	2004	2004	2003	2003
sample2569	2004	2004	2003	2003
sample2838	2004	2004	2002	2002
sample2326	2004	2004	2002	2002
sample2048	2004	2004	2004	2004
sample2570	2004	2004	2004	2004
sample2839	2004	2004	2003	2003
sample2327	2004	2004	2004	2004
sample2049	2004	2004	2004	2004
sample2571	2004	2004	2002	2002
sample2840	2004	2004	2002	2002
sample2328	2004	2004	2004	2004
sample2050	2004	2004	2004	2004
sample2945	2004	2004	2004	2004
sample2572	2004	2004	2002	2002
sample3457	2004	2004	2003	2003
sample2841	2004	2004	2004	2004
sample2329	2004	2004	2004	2004
sample3713	2004	2004	2004	2004
sample3201	2004	2004	2002	2002
sample2051	2004	2004	2003	2003
sample2573	2004	2004	2004	2004
sample2330	2004	2004	2004	2004
sample2842	2004	2004	2004	2004
sample2946	2004	2004	2004	2004
sample2052	2004	2004	2004	2004
sample3458	2004	2004	2003	2003
sample3202	2004	2004	2001	2001
sample3714	2004	2004	2002	2002
sample2574	2004	2004	2004	2004
sample2331	2004	2004	2004	2004
sample2843	2004	2004	2002	2002
sample2053	2004	2004	2004	2004
sample2575	2004	2004	2004	2004
sample2947	2004	2004	2004	2004
sample2332	2004	2004	2004	2004
sample2844	2004	2004	2004	2004
sample3715	2004	2004	2002	2002
sample3203	2004	2004	2003	2003
sample3459	2004	2004	2001	2001
sample2576	2004	2004	2003	2003
sample2333	2004	2004	2004	2004
sample2054	2004	2004	2003	2003
sample2845	2004	2004	2003	2003
sample2948	2004	2004	2004	2004
sample3716	2004	2004	2001	2001
sample3204	2004	2004	2002	2002
sample2334	2004	2004	2003	2003
sample2577	2004	2004	2004	2004
sample3460	2004	2004	2003	2003
sample2055	2004	2004	2004	2004
sample2846	2004	2004	2001	2001
sample2949	2004	2004	2001	2001
sample3717	2004	2004	2004	2004
sample2335	2004	2004	2002	2002
sample2578	2004	2004	2001	2001
sample3205	2004	2004	2003	2003
sample2847	2004	2004	2002	2002
sample2056	2004	2004	2003	2003
sample3461	2004	2004	2004	2004
sample2336	2004	2004	2004	2004
sample2579	2004	2004	2004	2004
sample2848	2004	2004	2001	2001
sample2950	2004	2004	2002	2002
sample3718	2004	2004	2003	2003
sample2057	2004	2004	2004	2004
sample3206	2004	2004	2002	2002
sample2337	2004	2004	1998	1998
sample2580	2004	2004	2003	2003
sample2849	2004	2004	2003	2003
sample2058	2004	2004	2004	2004
sample3719	2004	2004	2004	2004
sample2951	2004	2004	2003	2003
sample3462	2004	2004	2004	2004
sample3207	2004	2004	2004	2004
sample2338	2004	2004	2001	2001
sample2581	2004	2004	2004	2004
sample2850	2004	2004	2004	2004
sample2059	2004	2004	2004	2004
sample2339	2004	2004	2004	2004
sample2582	2004	2004	2003	2003
sample2851	2004	2004	2004	2004
sample3720	2004	2004	2003	2003
sample2952	2004	2004	2004	2004
sample3208	2004	2004	2004	2004
sample3463	2004	2004	2004	2004
sample2060	2004	2004	2004	2004
sample2340	2004	2004	2002	2002
sample2852	2004	2004	2000	2000
sample2583	2004	2004	2004	2004
sample3721	2004	2004	2002	2002
sample2953	2004	2004	2002	2002
sample2061	2004	2004	2004	2004
sample3209	2004	2004	2002	2002
sample2853	2004	2004	2002	2002
sample2341	2004	2004	2004	2004
sample2584	2004	2004	2002	2002
sample3464	2004	2004	2004	2004
sample3722	2004	2004	2003	2003
sample2854	2004	2004	2001	2001
sample2342	2004	2004	2004	2004
sample2062	2004	2004	2004	2004
sample2954	2004	2004	2004	2004
sample2585	2004	2004	2004	2004
sample3210	2004	2004	2004	2004
sample3465	2004	2004	2004	2004
sample2855	2004	2004	2002	2002
sample2343	2004	2004	2004	2004
sample2063	2004	2004	2002	2002
sample2586	2004	2004	2003	2003
sample3723	2004	2004	2002	2002
sample2955	2004	2004	2003	2003
sample3211	2004	2004	2003	2003
sample2856	2004	2004	2004	2004
sample2344	2004	2004	2004	2004
sample2064	2004	2004	2004	2004
sample3466	2004	2004	2003	2003
sample2587	2004	2004	2004	2004
sample3724	2004	2004	2003	2003
sample2857	2004	2004	2004	2004
sample2345	2004	2004	2003	2003
sample2956	2004	2004	2003	2003
sample3212	2004	2004	2003	2003
sample2065	2004	2004	2003	2003
sample2588	2004	2004	2003	2003
sample3467	2004	2004	2003	2003
sample2346	2004	2004	2004	2004
sample2858	2004	2004	2003	2003
sample3725	2004	2004	2004	2004
sample2066	2004	2004	2004	2004
sample2589	2004	2004	2003	2003
sample2957	2004	2004	2003	2003
sample3213	2004	2004	2001	2001
sample2347	2004	2004	2003	2003
sample2859	2004	2004	2002	2002
sample2067	2004	2004	2003	2003
sample3468	2004	2004	2004	2004
sample2590	2004	2004	2004	2004
sample3726	2004	2004	2004	2004
sample2958	2004	2004	2003	2003
sample2860	2004	2004	2004	2004
sample2348	2004	2004	2002	2002
sample3214	2004	2004	2004	2004
sample2068	2004	2004	2002	2002
sample2591	2004	2004	2004	2004
sample2861	2004	2004	2002	2002
sample2349	2004	2004	2004	2004
sample3727	2004	2004	2003	2003
sample3469	2004	2004	2003	2003
sample2069	2004	2004	2003	2003
sample2959	2004	2004	2004	2004
sample3215	2004	2004	2002	2002
sample2592	2004	2004	2002	2002
sample2862	2004	2004	2004	2004
sample2350	2004	2004	2002	2002
sample2070	2004	2004	2001	2001
sample3728	2004	2004	2003	2003
sample2593	2004	2004	2003	2003
sample3470	2004	2004	2003	2003
sample2960	2004	2004	2004	2004
sample2863	2004	2004	2004	2004
sample2351	2004	2004	2003	2003
sample3216	2004	2004	2002	2002
sample2071	2004	2004	2004	2004
sample2594	2004	2004	2004	2004
sample2864	2004	2004	2004	2004
sample2352	2004	2004	2003	2003
sample3729	2004	2004	2004	2004
sample3471	2004	2004	2002	2002
sample2961	2004	2004	2004	2004
sample2072	2004	2004	2004	2004
sample3217	2004	2004	2000	2000
sample2595	2004	2004	2003	2003
sample2865	2004	2004	2004	2004
sample2353	2004	2004	2004	2004
sample3730	2004	2004	2003	2003
sample2073	2004	2004	2002	2002
sample2962	2004	2004	2002	2002
sample3472	2004	2004	2002	2002
sample2866	2004	2004	2002	2002
sample2596	2004	2004	2004	2004
sample2354	2004	2004	2004	2004
sample3218	2004	2004	2004	2004
sample2074	2004	2004	2003	2003
sample2355	2004	2004	2004	2004
sample3731	2004	2004	2004	2004
sample2867	2004	2004	2002	2002
sample2597	2004	2004	2004	2004
sample2963	2004	2004	2004	2004
sample3219	2004	2004	2002	2002
sample3473	2004	2004	2003	2003
sample2075	2004	2004	2004	2004
sample2356	2004	2004	2003	2003
sample2868	2004	2004	2003	2003
sample2598	2004	2004	2004	2004
sample3732	2004	2004	2004	2004
sample2964	2004	2004	2002	2002
sample2076	2004	2004	2004	2004
sample2357	2004	2004	2003	2003
sample3220	2004	2004	2004	2004
sample2869	2004	2004	2003	2003
sample2599	2004	2004	2001	2001
sample3474	2004	2004	2003	2003
sample3733	2004	2004	2003	2003
sample2358	2004	2004	2004	2004
sample2870	2004	2004	2003	2003
sample2077	2004	2004	2003	2003
sample2965	2004	2004	2003	2003
sample2600	2004	2004	2002	2002
sample3221	2004	2004	2003	2003
sample2359	2004	2004	2003	2003
sample2871	2004	2004	2000	2000
sample3475	2004	2004	2004	2004
sample2078	2004	2004	2003	2003
sample3734	2004	2004	2004	2004
sample2601	2004	2004	2004	2004
sample2966	2004	2004	2004	2004
sample2360	2004	2004	2003	2003
sample2872	2004	2004	2004	2004
sample3222	2004	2004	2003	2003
sample2079	2004	2004	2001	2001
sample2602	2004	2004	2003	2003
sample3735	2004	2004	2004	2004
sample3476	2004	2004	2004	2004
sample2361	2004	2004	2003	2003
sample2873	2004	2004	2004	2004
sample2967	2004	2004	2003	2003
sample2080	2004	2004	2004	2004
sample3223	2004	2004	2003	2003
sample2603	2004	2004	2004	2004
sample2362	2004	2004	2004	2004
sample3736	2004	2004	2004	2004
sample2874	2004	2004	2004	2004
sample3477	2004	2004	2004	2004
sample2081	2004	2004	2001	2001
sample2968	2004	2004	2003	2003
sample2604	2004	2004	2003	2003
sample2363	2004	2004	2003	2003
sample2875	2004	2004	2003	2003
sample3224	2004	2004	2003	2003
sample3737	2004	2004	2004	2004
sample2082	2004	2004	2004	2004
sample2364	2004	2004	2001	2001
sample2605	2004	2004	2004	2004
sample3478	2004	2004	2003	2003
sample2876	2004	2004	2003	2003
sample2969	2004	2004	2003	2003
sample3225	2004	2004	2002	2002
sample2083	2004	2004	2002	2002
sample3738	2004	2004	2002	2002
sample2365	2004	2004	2003	2003
sample2877	2004	2004	2003	2003
sample2606	2004	2004	2003	2003
sample2970	2004	2004	2002	2002
sample2084	2004	2004	2004	2004
sample3479	2004	2004	2003	2003
sample2366	2004	2004	2001	2001
sample3226	2004	2004	2004	2004
sample2878	2004	2004	2003	2003
sample2607	2004	2004	2004	2004
sample3739	2004	2004	2003	2003
sample2085	2004	2004	2003	2003
sample2971	2004	2004	2004	2004
sample2367	2004	2004	2003	2003
sample2879	2004	2004	2003	2003
sample2608	2004	2004	2003	2003
sample3227	2004	2004	2004	2004
sample3480	2004	2004	2002	2002
sample3740	2004	2004	2001	2001
sample2086	2004	2004	2003	2003
sample2368	2004	2004	2003	2003
sample2880	2004	2004	2003	2003
sample2609	2004	2004	2004	2004
sample2972	2004	2004	2002	2002
sample2881	2004	2004	2003	2003
sample2369	2004	2004	2003	2003
sample2087	2004	2004	2003	2003
sample3228	2004	2004	2003	2003
sample3741	2004	2004	2003	2003
sample3481	2004	2004	2003	2003
sample2610	2004	2004	2004	2004
sample2973	2004	2004	2003	2003
sample2882	2004	2004	2003	2003
sample2370	2004	2004	2003	2003
sample2088	2004	2004	2003	2003
sample3742	2004	2004	2004	2004
sample3229	2004	2004	2003	2003
sample2611	2004	2004	2001	2001
sample2883	2004	2004	2003	2003
sample3482	2004	2004	2004	2004
sample2089	2004	2004	2003	2003
sample2371	2004	2004	2003	2003
sample2974	2004	2004	2004	2004
sample2612	2004	2004	2003	2003
sample3743	2004	2004	2003	2003
sample3230	2004	2004	2004	2004
sample2884	2004	2004	2004	2004
sample2372	2004	2004	2004	2004
sample2090	2004	2004	2004	2004
sample2613	2004	2004	2003	2003
sample3483	2004	2004	2003	2003
sample2975	2004	2004	2003	2003
sample2885	2004	2004	2003	2003
sample2373	2004	2004	2004	2004
sample2091	2004	2004	2003	2003
sample3744	2004	2004	2004	2004
sample3231	2004	2004	2003	2003
sample2614	2004	2004	2004	2004
sample2374	2004	2004	2004	2004
sample2886	2004	2004	2003	2003
sample2976	2004	2004	2003	2003
sample2092	2004	2004	2002	2002
sample3484	2004	2004	2004	2004
sample2615	2004	2004	2004	2004
sample3745	2004	2004	2003	2003
sample3232	2004	2004	2004	2004
sample2375	2004	2004	2003	2003
sample2887	2004	2004	2003	2003
sample2093	2004	2004	2002	2002
sample2977	2004	2004	2003	2003
sample2616	2004	2004	2003	2003
sample2888	2004	2004	2004	2004
sample2376	2004	2004	2004	2004
sample3485	2004	2004	2004	2004
sample3746	2004	2004	2004	2004
sample3233	2004	2004	2002	2002
sample2094	2004	2004	2003	2003
sample2617	2004	2004	2002	2002
sample2377	2004	2004	2003	2003
sample2889	2004	2004	2001	2001
sample2978	2004	2004	2004	2004
sample3747	2004	2004	2004	2004
sample3234	2004	2004	2001	2001
sample2095	2004	2004	2002	2002
sample3486	2004	2004	2004	2004
sample2378	2004	2004	2004	2004
sample2618	2004	2004	2003	2003
sample2890	2004	2004	2004	2004
sample2979	2004	2004	2001	2001
sample2379	2004	2004	2003	2003
sample2096	2004	2004	2004	2004
sample2619	2004	2004	2000	2000
sample3748	2004	2004	2002	2002
sample2891	2004	2004	2004	2004
sample3235	2004	2004	2001	2001
sample3487	2004	2004	2003	2003
sample2380	2004	2004	2003	2003
sample2097	2004	2004	2003	2003
sample2980	2004	2004	2003	2003
sample2892	2004	2004	2004	2004
sample2620	2004	2004	2003	2003
sample3749	2004	2004	2003	2003
sample3236	2004	2004	2004	2004
sample2381	2004	2004	2003	2003
sample2098	2004	2004	2003	2003
sample2893	2004	2004	2004	2004
sample2621	2004	2004	2003	2003
sample3488	2004	2004	2004	2004
sample2981	2004	2004	2003	2003
sample3750	2004	2004	2003	2003
sample2382	2004	2004	2003	2003
sample2894	2004	2004	2003	2003
sample2099	2004	2004	2004	2004
sample3237	2004	2004	2003	2003
sample2622	2004	2004	2002	2002
sample2383	2004	2004	2002	2002
sample2895	2004	2004	2003	2003
sample2982	2004	2004	2003	2003
sample3489	2004	2004	2002	2002
sample3751	2004	2004	2002	2002
sample2100	2004	2004	2003	2003
sample2623	2004	2004	2003	2003
sample3238	2004	2004	2003	2003
sample2384	2004	2004	2001	2001
sample2896	2004	2004	2002	2002
sample2983	2004	2004	2004	2004
sample2624	2004	2004	2003	2003
sample2101	2004	2004	2004	2004
sample2385	2004	2004	2004	2004
sample3752	2004	2004	2000	2000
sample3490	2004	2004	2000	2000
sample2897	2004	2004	2003	2003
sample3239	2004	2004	2002	2002
sample2625	2004	2004	2003	2003
sample2386	2004	2004	2004	2004
sample2102	2004	2004	2003	2003
sample2984	2004	2004	2004	2004
sample2898	2004	2004	2002	2002
sample3753	2004	2004	2002	2002
sample2387	2004	2004	2001	2001
sample2626	2004	2004	2004	2004
sample3240	2004	2004	2002	2002
sample3491	2004	2004	2001	2001
sample2103	2004	2004	2002	2002
sample2899	2004	2004	2004	2004
sample2985	2004	2004	2003	2003
sample2388	2004	2004	2003	2003
sample2627	2004	2004	2003	2003
sample3754	2004	2004	2003	2003
sample2900	2004	2004	2003	2003
sample2104	2004	2004	2001	2001
sample3241	2004	2004	2002	2002
sample2389	2004	2004	2003	2003
sample3492	2004	2004	2003	2003
sample2986	2004	2004	2004	2004
sample2628	2004	2004	2002	2002
sample2901	2004	2004	2004	2004
sample2105	2004	2004	2004	2004
sample3755	2004	2004	2003	2003
sample2390	2004	2004	2004	2004
sample3242	2004	2004	2004	2004
sample2902	2004	2004	2004	2004
sample2629	2004	2004	2004	2004
sample2106	2004	2004	2003	2003
sample2987	2004	2004	2002	2002
sample3493	2004	2004	2004	2004
sample2391	2004	2004	2004	2004
sample3756	2004	2004	2004	2004
sample2903	2004	2004	2003	2003
sample2630	2004	2004	2002	2002
sample2107	2004	2004	2002	2002
sample3243	2004	2004	2004	2004
sample2392	2004	2004	2004	2004
sample2988	2004	2004	2002	2002
sample2904	2004	2004	2004	2004
sample2631	2004	2004	2002	2002
sample2108	2004	2004	2004	2004
sample3494	2004	2004	2001	2001
sample3757	2004	2004	2004	2004
sample2393	2004	2004	2004	2004
sample3244	2004	2004	2003	2003
sample2905	2004	2004	2003	2003
sample2632	2004	2004	2001	2001
sample2109	2004	2004	2002	2002
sample2989	2004	2004	2004	2004
sample2394	2004	2004	2004	2004
sample2906	2004	2004	2004	2004
sample3758	2004	2004	2003	2003
sample3495	2004	2004	2004	2004
sample2633	2004	2004	2003	2003
sample3245	2004	2004	2003	2003
sample2110	2004	2004	2004	2004
sample2395	2004	2004	2004	2004
sample2907	2004	2004	2003	2003
sample2990	2004	2004	2004	2004
sample2634	2004	2004	2001	2001
sample3759	2004	2004	2004	2004
sample2111	2004	2004	2003	2003
sample2396	2004	2004	2002	2002
sample3496	2004	2004	2004	2004
sample2908	2004	2004	2002	2002
sample3246	2004	2004	2003	2003
sample2991	2004	2004	2003	2003
sample2635	2004	2004	2002	2002
sample2397	2004	2004	2002	2002
sample2112	2004	2004	2004	2004
sample2909	2004	2004	2002	2002
sample3760	2004	2004	2003	2003
sample2636	2004	2004	2004	2004
sample3247	2004	2004	2003	2003
sample2398	2004	2004	2003	2003
sample3497	2004	2004	2003	2003
sample2992	2004	2004	2002	2002
sample2113	2004	2004	2004	2004
sample2910	2004	2004	2004	2004
sample3761	2004	2004	2004	2004
sample2637	2004	2004	2003	2003
sample2399	2004	2004	2003	2003
sample3248	2004	2004	2003	2003
sample2911	2004	2004	2004	2004
sample2114	2004	2004	2004	2004
sample2993	2004	2004	2003	2003
sample3498	2004	2004	2002	2002
sample2638	2004	2004	2004	2004
sample3762	2004	2004	2003	2003
sample2400	2004	2004	2001	2001
sample2912	2004	2004	2004	2004
sample2115	2004	2004	2004	2004
sample3249	2004	2004	2003	2003
sample2994	2004	2004	2004	2004
sample2639	2004	2004	2004	2004
sample2401	2004	2004	2003	2003
sample2913	2004	2004	2004	2004
sample3763	2004	2004	2003	2003
sample2116	2004	2004	2002	2002
sample3499	2004	2004	2002	2002
sample2640	2004	2004	2003	2003
sample2402	2004	2004	2003	2003
sample2914	2004	2004	2004	2004
sample3250	2004	2004	2003	2003
sample2995	2004	2004	2002	2002
sample2117	2004	2004	2001	2001
sample3764	2004	2004	2004	2004
sample2403	2004	2004	2002	2002
sample2641	2004	2004	2004	2004
sample2915	2004	2004	2003	2003
sample3500	2004	2004	2004	2004
sample3251	2004	2004	2004	2004
sample2996	2004	2004	2003	2003
sample2642	2004	2004	2001	2001
sample2118	2004	2004	2002	2002
sample2404	2004	2004	2001	2001
sample2916	2004	2004	2004	2004
sample3765	2004	2004	2002	2002
sample3252	2004	2004	2004	2004
sample2997	2004	2004	2004	2004
sample2643	2004	2004	2002	2002
sample2405	2004	2004	2002	2002
sample3501	2004	2004	2003	2003
sample2917	2004	2004	2003	2003
sample2119	2004	2004	2003	2003
sample3766	2004	2004	2004	2004
sample2406	2004	2004	2003	2003
sample2918	2004	2004	2004	2004
sample2644	2004	2004	2004	2004
sample2120	2004	2004	2002	2002
sample3253	2004	2004	2003	2003
sample2998	2004	2004	2004	2004
sample3502	2004	2004	2002	2002
sample2407	2004	2004	2003	2003
sample2919	2004	2004	2002	2002
sample2121	2004	2004	2003	2003
sample3767	2004	2004	2002	2002
sample2645	2004	2004	2001	2001
sample3254	2004	2004	2004	2004
sample2999	2004	2004	2004	2004
sample2408	2004	2004	2003	2003
sample2920	2004	2004	2000	2000
sample2646	2004	2004	2003	2003
sample3503	2004	2004	2003	2003
sample2122	2004	2004	2003	2003
sample3768	2004	2004	2003	2003
sample2409	2004	2004	2004	2004
sample2921	2004	2004	2003	2003
sample3255	2004	2004	2003	2003
sample3000	2004	2004	2003	2003
sample2647	2004	2004	2004	2004
sample2123	2004	2004	2003	2003
sample2410	2004	2004	2002	2002
sample3769	2004	2004	2004	2004
sample3504	2004	2004	2004	2004
sample2922	2004	2004	2004	2004
sample2648	2004	2004	2003	2003
sample3001	2004	2004	2003	2003
sample3256	2004	2004	2004	2004
sample2411	2004	2004	2002	2002
sample2124	2004	2004	2003	2003
sample2923	2004	2004	2004	2004
sample3770	2004	2004	2004	2004
sample2649	2004	2004	2001	2001
sample3505	2004	2004	2003	2003
sample2412	2004	2004	2004	2004
sample2924	2004	2004	2004	2004
sample2125	2004	2004	2003	2003
sample3002	2004	2004	2002	2002
sample3257	2004	2004	2003	2003
sample2650	2004	2004	2003	2003
sample2413	2004	2004	2002	2002
sample3771	2004	2004	2004	2004
sample2925	2004	2004	2002	2002
sample2126	2004	2004	2001	2001
sample2651	2004	2004	2004	2004
sample3003	2004	2004	2004	2004
sample3506	2004	2004	2004	2004
sample3258	2004	2004	2004	2004
sample2414	2004	2004	2002	2002
sample2926	2004	2004	2000	2000
sample3772	2004	2004	2003	2003
sample2127	2004	2004	2002	2002
sample2652	2004	2004	2003	2003
sample2415	2004	2004	2003	2003
sample2927	2004	2004	2003	2003
sample3507	2004	2004	2004	2004
sample3004	2004	2004	2003	2003
sample3259	2004	2004	2001	2001
sample2128	2004	2004	2003	2003
sample3773	2004	2004	2004	2004
sample2416	2004	2004	2003	2003
sample2653	2004	2004	2004	2004
sample2928	2004	2004	2004	2004
sample2129	2004	2004	2003	2003
sample3005	2004	2004	2004	2004
sample2417	2004	2004	2003	2003
sample2654	2004	2004	2002	2002
sample3508	2004	2004	2004	2004
sample3260	2004	2004	2003	2003
sample2929	2004	2004	2004	2004
sample3774	2004	2004	2003	2003
sample2130	2004	2004	2002	2002
sample2418	2004	2004	2004	2004
sample2655	2004	2004	2003	2003
sample2930	2004	2004	2003	2003
sample3006	2004	2004	2002	2002
sample3261	2004	2004	2003	2003
sample3509	2004	2004	2004	2004
sample3775	2004	2004	2003	2003
sample2419	2004	2004	2002	2002
sample2131	2004	2004	2003	2003
sample2931	2004	2004	2004	2004
sample2656	2004	2004	2002	2002
sample3007	2004	2004	2003	2003
sample2420	2004	2004	2004	2004
sample2132	2004	2004	2003	2003
sample3776	2004	2004	2004	2004
sample2932	2004	2004	2002	2002
sample3262	2004	2004	2002	2002
sample3510	2004	2004	2004	2004
sample2657	2004	2004	2004	2004
sample2421	2004	2004	2003	2003
sample3008	2004	2004	2004	2004
sample2133	2004	2004	2004	2004
sample2933	2004	2004	2004	2004
sample2658	2004	2004	2004	2004
sample3777	2004	2004	2004	2004
sample3263	2004	2004	2004	2004
sample3511	2004	2004	2002	2002
sample2422	2004	2004	2003	2003
sample2934	2004	2004	2003	2003
sample2134	2004	2004	2004	2004
sample2659	2004	2004	2004	2004
sample3009	2004	2004	2003	2003
sample2423	2004	2004	2003	2003
sample3778	2004	2004	2004	2004
sample2935	2004	2004	2004	2004
sample3264	2004	2004	2003	2003
sample2135	2004	2004	2004	2004
sample3512	2004	2004	2002	2002
sample2660	2004	2004	2003	2003
sample3010	2004	2004	2002	2002
sample2424	2004	2004	2002	2002
sample2936	2004	2004	2004	2004
sample3779	2004	2004	2004	2004
sample2136	2004	2004	2004	2004
sample2661	2004	2004	2004	2004
sample3265	2004	2004	2004	2004
sample2937	2004	2004	2003	2003
sample3513	2004	2004	2002	2002
sample2425	2004	2004	2002	2002
sample2662	2004	2004	2001	2001
sample3011	2004	2004	2002	2002
sample3780	2004	2004	2004	2004
sample2137	2004	2004	2003	2003
sample3266	2004	2004	2003	2003
sample2938	2004	2004	2004	2004
sample2426	2004	2004	2003	2003
sample2663	2004	2004	2003	2003
sample3514	2004	2004	2004	2004
sample3012	2004	2004	2003	2003
sample2939	2004	2004	2004	2004
sample2138	2004	2004	2004	2004
sample2427	2004	2004	2001	2001
sample3781	2004	2004	2003	2003
sample2664	2004	2004	2004	2004
sample3267	2004	2004	2003	2003
sample2940	2004	2004	2004	2004
sample2428	2004	2004	2002	2002
sample3013	2004	2004	2004	2004
sample2139	2004	2004	2003	2003
sample3515	2004	2004	2002	2002
sample2665	2004	2004	2003	2003
sample3782	2004	2004	2004	2004
sample2941	2004	2004	2004	2004
sample3268	2004	2004	2004	2004
sample2429	2004	2004	2003	2003
sample3014	2004	2004	2004	2004
sample2666	2004	2004	2001	2001
sample2140	2004	2004	2004	2004
sample2942	2004	2004	2004	2004
sample3783	2004	2004	2004	2004
sample3516	2004	2004	2004	2004
sample2430	2004	2004	2003	2003
sample3269	2004	2004	2003	2003
sample2667	2004	2004	2004	2004
sample2141	2004	2004	2004	2004
sample2943	2004	2004	2002	2002
sample3015	2004	2004	2003	2003
sample2431	2004	2004	2004	2004
sample3784	2004	2004	2002	2002
sample3517	2004	2004	2000	2000
sample2668	2004	2004	2003	2003
sample2142	2004	2004	2002	2002
sample2944	2004	2004	2002	2002
sample3270	2004	2004	2004	2004
sample2432	2004	2004	2002	2002
sample3016	2004	2004	2004	2004
sample2669	2004	2004	2003	2003
sample2143	2004	2004	2004	2004
sample3785	2004	2004	2004	2004
sample3518	2004	2004	2002	2002
sample3271	2004	2004	2003	2003
sample2670	2004	2004	2004	2004
sample3017	2004	2004	2002	2002
sample2144	2004	2004	2003	2003
sample3786	2004	2004	2003	2003
sample2671	2004	2004	2002	2002
sample2145	2004	2004	2004	2004
sample3272	2004	2004	2002	2002
sample3519	2004	2004	2003	2003
sample3018	2004	2004	2003	2003
sample3787	2004	2004	2002	2002
sample2672	2004	2004	2001	2001
sample2146	2004	2004	2004	2004
sample3273	2004	2004	2004	2004
sample3019	2004	2004	2004	2004
sample3520	2004	2004	2002	2002
sample2673	2004	2004	2001	2001
sample3788	2004	2004	2004	2004
sample2147	2004	2004	2004	2004
sample2674	2004	2004	2003	2003
sample3274	2004	2004	2003	2003
sample3020	2004	2004	2004	2004
sample3789	2004	2004	2004	2004
sample2148	2004	2004	2003	2003
sample3521	2004	2004	2004	2004
sample2675	2004	2004	2004	2004
sample2149	2004	2004	2004	2004
sample3275	2004	2004	2003	2003
sample3021	2004	2004	2003	2003
sample3790	2004	2004	2004	2004
sample2676	2004	2004	2004	2004
sample3522	2004	2004	2003	2003
sample2150	2004	2004	2003	2003
sample3276	2004	2004	2004	2004
sample3022	2004	2004	2003	2003
sample2677	2004	2004	2003	2003
sample3791	2004	2004	2004	2004
sample2151	2004	2004	2003	2003
sample3523	2004	2004	2004	2004
sample2678	2004	2004	2003	2003
sample3023	2004	2004	2003	2003
sample3277	2004	2004	2004	2004
sample3792	2004	2004	2002	2002
sample2152	2004	2004	2004	2004
sample2679	2004	2004	2003	2003
sample3524	2004	2004	2003	2003
sample3024	2004	2004	2003	2003
sample3278	2004	2004	2003	2003
sample2680	2004	2004	2004	2004
sample3793	2004	2004	2004	2004
sample2153	2004	2004	2004	2004
sample2154	2004	2004	2003	2003
sample2681	2004	2004	2004	2004
sample3025	2004	2004	2004	2004
sample3794	2004	2004	2003	2003
sample3279	2004	2004	2004	2004
sample3525	2004	2004	2003	2003
sample2155	2004	2004	2003	2003
sample2682	2004	2004	2004	2004
sample3026	2004	2004	2003	2003
sample3795	2004	2004	2004	2004
sample3280	2004	2004	2003	2003
sample2156	2004	2004	2003	2003
sample2683	2004	2004	2004	2004
sample3526	2004	2004	2004	2004
sample3027	2004	2004	2002	2002
sample3796	2004	2004	2003	2003
sample3281	2004	2004	2004	2004
sample2684	2004	2004	2004	2004
sample2157	2004	2004	2003	2003
sample3797	2004	2004	2003	2003
sample3028	2004	2004	2004	2004
sample3527	2004	2004	2003	2003
sample3282	2004	2004	2004	2004
sample2685	2004	2004	2003	2003
sample2158	2004	2004	2004	2004
sample3798	2004	2004	2003	2003
sample3029	2004	2004	2004	2004
sample2686	2004	2004	2004	2004
sample2159	2004	2004	2003	2003
sample3528	2004	2004	2003	2003
sample3283	2004	2004	2004	2004
sample2687	2004	2004	2004	2004
sample3799	2004	2004	2004	2004
sample2160	2004	2004	2003	2003
sample3030	2004	2004	2001	2001
sample3284	2004	2004	2004	2004
sample2688	2004	2004	2003	2003
sample3529	2004	2004	1999	1999
sample2161	2004	2004	2001	2001
sample3800	2004	2004	2003	2003
sample3031	2004	2004	1999	1999
sample2162	2004	2004	2003	2003
sample3285	2004	2004	2002	2002
sample3530	2004	2004	2004	2004
sample3801	2004	2004	2004	2004
sample3032	2004	2004	2004	2004
sample2163	2004	2004	2004	2004
sample3286	2004	2004	2004	2004
sample3802	2004	2004	2003	2003
sample3033	2004	2004	2003	2003
sample3531	2004	2004	2003	2003
sample2164	2004	2004	2003	2003
sample2165	2004	2004	2000	2000
sample3803	2004	2004	2003	2003
sample3034	2004	2004	2004	2004
sample3287	2004	2004	2004	2004
sample3532	2004	2004	2003	2003
sample2166	2004	2004	2003	2003
sample3804	2004	2004	2004	2004
sample3035	2004	2004	2004	2004
sample3288	2004	2004	2004	2004
sample3533	2004	2004	2004	2004
sample2167	2004	2004	2003	2003
sample3805	2004	2004	2004	2004
sample3036	2004	2004	2001	2001
sample3289	2004	2004	2002	2002
sample2168	2004	2004	2002	2002
sample3534	2004	2004	2003	2003
sample3806	2004	2004	2002	2002
sample3290	2004	2004	2001	2001
sample3037	2004	2004	2003	2003
sample2169	2004	2004	2003	2003
sample3807	2004	2004	2004	2004
sample3535	2004	2004	2004	2004
sample3291	2004	2004	2004	2004
sample3038	2004	2004	2003	2003
sample2170	2004	2004	2002	2002
sample3808	2004	2004	2004	2004
sample2171	2004	2004	2003	2003
sample3536	2004	2004	2002	2002
sample3292	2004	2004	2004	2004
sample3039	2004	2004	2003	2003
sample2172	2004	2004	2003	2003
sample3809	2004	2004	2004	2004
sample3293	2004	2004	2003	2003
sample3040	2004	2004	2002	2002
sample3537	2004	2004	2002	2002
sample2173	2004	2004	2004	2004
sample3810	2004	2004	2004	2004
sample3294	2004	2004	2003	2003
sample3041	2004	2004	2003	2003
sample2174	2004	2004	2003	2003
sample3538	2004	2004	2003	2003
sample3811	2004	2004	2004	2004
sample2175	2004	2004	2003	2003
sample3295	2004	2004	2003	2003
sample3042	2004	2004	2001	2001
sample3539	2004	2004	2003	2003
sample3812	2004	2004	2003	2003
sample2176	2004	2004	2003	2003
sample3296	2004	2004	2003	2003
sample3043	2004	2004	2003	2003
sample3540	2004	2004	2000	2000
sample3813	2004	2004	2003	2003
sample3297	2004	2004	2004	2004
sample3044	2004	2004	2003	2003
sample3814	2004	2004	2003	2003
sample3541	2004	2004	2000	2000
sample3298	2004	2004	2004	2004
sample3045	2004	2004	2002	2002
sample3815	2004	2004	2003	2003
sample3299	2004	2004	2003	2003
sample3542	2004	2004	2003	2003
sample3046	2004	2004	2002	2002
sample3816	2004	2004	2004	2004
sample3300	2004	2004	2003	2003
sample3047	2004	2004	2002	2002
sample3543	2004	2004	2001	2001
sample3817	2004	2004	2002	2002
sample3301	2004	2004	2004	2004
sample3048	2004	2004	2003	2003
sample3818	2004	2004	2003	2003
sample3544	2004	2004	2003	2003
sample3302	2004	2004	2002	2002
sample3049	2004	2004	2004	2004
sample3819	2004	2004	2002	2002
sample3545	2004	2004	2003	2003
sample3303	2004	2004	2004	2004
sample3050	2004	2004	2004	2004
sample3820	2004	2004	2004	2004
sample3304	2004	2004	2004	2004
sample3546	2004	2004	2003	2003
sample3051	2004	2004	2002	2002
sample3821	2004	2004	2004	2004
sample3305	2004	2004	2004	2004
sample3052	2004	2004	2004	2004
sample3547	2004	2004	2004	2004
sample3822	2004	2004	2004	2004
sample3306	2004	2004	2004	2004
sample3053	2004	2004	2004	2004
sample3823	2004	2004	2004	2004
sample3548	2004	2004	2004	2004
sample3307	2004	2004	2004	2004
sample3054	2004	2004	2004	2004
sample3824	2004	2004	2003	2003
sample3549	2004	2004	2003	2003
sample3308	2004	2004	2004	2004
sample3055	2004	2004	2002	2002
sample3825	2004	2004	2003	2003
sample3550	2004	2004	2004	2004
sample3309	2004	2004	2003	2003
sample3056	2004	2004	2004	2004
sample3826	2004	2004	2004	2004
sample3551	2004	2004	2001	2001
sample3310	2004	2004	2004	2004
sample3827	2004	2004	2003	2003
sample3057	2004	2004	2004	2004
sample3552	2004	2004	2003	2003
sample3311	2004	2004	2003	2003
sample3828	2004	2004	2004	2004
sample3058	2004	2004	2004	2004
sample3312	2004	2004	2004	2004
sample3553	2004	2004	2004	2004
sample3829	2004	2004	2003	2003
sample3059	2004	2004	2004	2004
sample3313	2004	2004	2002	2002
sample3830	2004	2004	2003	2003
sample3060	2004	2004	2004	2004
sample3554	2004	2004	2003	2003
sample3314	2004	2004	2004	2004
sample3831	2004	2004	2003	2003
sample3061	2004	2004	2004	2004
sample3555	2004	2004	2001	2001
sample3832	2004	2004	2002	2002
sample3315	2004	2004	2003	2003
sample3062	2004	2004	2001	2001
sample3556	2004	2004	2002	2002
sample3063	2004	2004	2002	2002
sample3833	2004	2004	2003	2003
sample3316	2004	2004	2004	2004
sample3557	2004	2004	2002	2002
sample3834	2004	2004	2004	2004
sample3064	2004	2004	2003	2003
sample3317	2004	2004	2003	2003
sample3558	2004	2004	2004	2004
sample3065	2004	2004	2003	2003
sample3835	2004	2004	2003	2003
sample3318	2004	2004	2001	2001
sample3066	2004	2004	2003	2003
sample3559	2004	2004	2004	2004
sample3836	2004	2004	2003	2003
sample3319	2004	2004	2004	2004
sample3067	2004	2004	2003	2003
sample3560	2004	2004	1998	1998
sample3837	2004	2004	2003	2003
sample3320	2004	2004	2003	2003
sample3068	2004	2004	2003	2003
sample3838	2004	2004	2002	2002
sample3321	2004	2004	2002	2002
sample3561	2004	2004	2003	2003
sample3069	2004	2004	2003	2003
sample3839	2004	2004	2001	2001
sample3322	2004	2004	2004	2004
sample3562	2004	2004	2002	2002
sample3070	2004	2004	2003	2003
sample3840	2004	2004	2003	2003
sample3323	2004	2004	2004	2004
sample3563	2004	2004	2003	2003
sample3071	2004	2004	2003	2003
sample3324	2004	2004	2002	2002
sample3564	2004	2004	2002	2002
sample3072	2004	2004	2003	2003
sample3325	2004	2004	2004	2004
sample3565	2004	2004	2002	2002
sample3073	2004	2004	2003	2003
sample3326	2004	2004	2003	2003
sample3566	2004	2004	2003	2003
sample3074	2004	2004	2001	2001
sample3327	2004	2004	2003	2003
sample3567	2004	2004	2002	2002
sample3075	2004	2004	2004	2004
sample3328	2004	2004	2003	2003
sample3076	2004	2004	2003	2003
sample3568	2004	2004	2002	2002
sample3329	2004	2004	2002	2002
sample3077	2004	2004	2000	2000
sample3569	2004	2004	2004	2004
sample3330	2004	2004	2003	2003
sample3078	2004	2004	2004	2004
sample3570	2004	2004	2002	2002
sample3331	2004	2004	2003	2003
sample3079	2004	2004	2003	2003
sample3571	2004	2004	2003	2003
sample3332	2004	2004	2003	2003
sample3080	2004	2004	2002	2002
sample3333	2004	2004	2001	2001
sample3572	2004	2004	2004	2004
sample3081	2004	2004	2003	2003
sample3334	2004	2004	2003	2003
sample3573	2004	2004	2001	2001
sample3082	2004	2004	2003	2003
sample3335	2004	2004	2004	2004
sample3574	2004	2004	2002	2002
sample3083	2004	2004	2004	2004
sample3336	2004	2004	2002	2002
sample3575	2004	2004	2003	2003
sample3084	2004	2004	2004	2004
sample3337	2004	2004	2002	2002
sample3085	2004	2004	2003	2003
sample3576	2004	2004	2003	2003
sample3338	2004	2004	2003	2003
sample3086	2004	2004	2004	2004
sample3577	2004	2004	2004	2004
sample3339	2004	2004	2004	2004
sample3087	2004	2004	2003	2003
sample3578	2004	2004	2002	2002
sample3340	2004	2004	2004	2004
sample3088	2004	2004	2004	2004
sample3089	2004	2004	2004	2004
sample3579	2004	2004	2003	2003
sample3341	2004	2004	2003	2003
sample3090	2004	2004	2004	2004
sample3580	2004	2004	2003	2003
sample3342	2004	2004	2002	2002
sample3091	2004	2004	2004	2004
sample3581	2004	2004	2001	2001
sample3343	2004	2004	2001	2001
sample3092	2004	2004	2002	2002
sample3582	2004	2004	2004	2004
sample3344	2004	2004	2004	2004
sample3093	2004	2004	2003	2003
sample3583	2004	2004	2003	2003
sample3094	2004	2004	2002	2002
sample3345	2004	2004	2004	2004
sample3584	2004	2004	2003	2003
sample3095	2004	2004	2004	2004
sample3346	2004	2004	2004	2004
sample3585	2004	2004	2004	2004
sample3096	2004	2004	2004	2004
sample3347	2004	2004	2003	2003
sample3097	2004	2004	2001	2001
sample3348	2004	2004	2004	2004
sample3586	2004	2004	2004	2004
sample3098	2004	2004	2004	2004
sample3349	2004	2004	2003	2003
sample3587	2004	2004	2004	2004
sample3099	2004	2004	2003	2003
sample3350	2004	2004	2004	2004
sample3588	2004	2004	2004	2004
sample3100	2004	2004	2003	2003
sample3351	2004	2004	2004	2004
sample3589	2004	2004	2003	2003
sample3101	2004	2004	2004	2004
sample3352	2004	2004	2003	2003
sample3590	2004	2004	2002	2002
sample3102	2004	2004	2004	2004
sample3353	2004	2004	2003	2003
sample3103	2004	2004	2003	2003
sample3591	2004	2004	2004	2004
sample3354	2004	2004	2003	2003
sample3104	2004	2004	2003	2003
sample3592	2004	2004	2004	2004
sample3355	2004	2004	2003	2003
sample3105	2004	2004	2003	2003
sample3593	2004	2004	2004	2004
sample3356	2004	2004	2004	2004
sample3106	2004	2004	2004	2004
sample3594	2004	2004	2003	2003
sample3357	2004	2004	2003	2003
sample3107	2004	2004	2002	2002
sample3595	2004	2004	2004	2004
sample3358	2004	2004	2002	2002
sample3108	2004	2004	2003	2003
sample3596	2004	2004	2003	2003
sample3359	2004	2004	2003	2003
sample3109	2004	2004	2003	2003
sample3360	2004	2004	2003	2003
sample3597	2004	2004	2004	2004
sample3110	2004	2004	2002	2002
sample3361	2004	2004	2003	2003
sample3598	2004	2004	2003	2003
sample3111	2004	2004	2003	2003
sample3362	2004	2004	2004	2004
sample3599	2004	2004	2000	2000
sample3112	2004	2004	2003	2003
sample3363	2004	2004	2004	2004
sample3600	2004	2004	2004	2004
sample3113	2004	2004	2003	2003
sample3364	2004	2004	2004	2004
sample3601	2004	2004	2003	2003
sample3114	2004	2004	2002	2002
sample3365	2004	2004	2004	2004
sample3115	2004	2004	2004	2004
sample3602	2004	2004	2002	2002
sample3366	2004	2004	2001	2001
sample3116	2004	2004	2003	2003
sample3603	2004	2004	2002	2002
sample3367	2004	2004	2003	2003
sample3117	2004	2004	2004	2004
sample3604	2004	2004	2003	2003
sample3368	2004	2004	2003	2003
sample3118	2004	2004	2004	2004
sample3605	2004	2004	2003	2003
sample3369	2004	2004	2003	2003
sample3119	2004	2004	2004	2004
sample3606	2004	2004	2004	2004
sample3370	2004	2004	2002	2002
sample3120	2004	2004	2003	2003
sample3121	2004	2004	2004	2004
sample3371	2004	2004	2004	2004
sample3607	2004	2004	2004	2004
sample3122	2004	2004	2003	2003
sample3372	2004	2004	2004	2004
sample3608	2004	2004	2004	2004
sample3123	2004	2004	2003	2003
sample3373	2004	2004	2003	2003
sample3609	2004	2004	2004	2004
sample3124	2004	2004	2004	2004
sample3374	2004	2004	2003	2003
sample3610	2004	2004	2004	2004
sample3375	2004	2004	2004	2004
sample3125	2004	2004	2003	2003
sample3611	2004	2004	2002	2002
sample3126	2004	2004	2003	2003
sample3376	2004	2004	2004	2004
sample3612	2004	2004	2001	2001
sample3127	2004	2004	2004	2004
sample3377	2004	2004	2003	2003
sample3613	2004	2004	2004	2004
sample3128	2004	2004	2003	2003
sample3378	2004	2004	2004	2004
sample3614	2004	2004	2003	2003
sample3129	2004	2004	2004	2004
sample3379	2004	2004	2003	2003
sample3615	2004	2004	2004	2004
sample3130	2004	2004	2002	2002
sample3380	2004	2004	2004	2004
sample3616	2004	2004	2004	2004
sample3131	2004	2004	2004	2004
sample3381	2004	2004	2004	2004
sample3617	2004	2004	2001	2001
sample3132	2004	2004	2002	2002
sample3382	2004	2004	2002	2002
sample3133	2004	2004	2003	2003
sample3618	2004	2004	2004	2004
sample3383	2004	2004	2004	2004
sample3134	2004	2004	2003	2003
sample3619	2004	2004	2003	2003
sample3384	2004	2004	2004	2004
sample3135	2004	2004	2003	2003
sample3385	2004	2004	2003	2003
sample3620	2004	2004	2004	2004
sample3136	2004	2004	2002	2002
sample3386	2004	2004	2003	2003
sample3621	2004	2004	2003	2003
sample3137	2004	2004	2002	2002
sample3387	2004	2004	2003	2003
sample3622	2004	2004	2003	2003
sample3138	2004	2004	2004	2004
sample3388	2004	2004	2002	2002
sample3623	2004	2004	2003	2003
sample3139	2004	2004	2004	2004
sample3389	2004	2004	2004	2004
sample3624	2004	2004	2004	2004
sample3140	2004	2004	2004	2004
sample3390	2004	2004	2001	2001
sample3625	2004	2004	2004	2004
sample3141	2004	2004	2004	2004
sample3391	2004	2004	2003	2003
sample3142	2004	2004	2001	2001
sample3626	2004	2004	2003	2003
sample3392	2004	2004	2003	2003
sample3143	2004	2004	2002	2002
sample3627	2004	2004	2003	2003
sample3393	2004	2004	2003	2003
sample3144	2004	2004	2004	2004
sample3628	2004	2004	2004	2004
sample3394	2004	2004	2004	2004
sample3145	2004	2004	2004	2004
sample3629	2004	2004	2002	2002
sample3395	2004	2004	2004	2004
sample3146	2004	2004	2003	2003
sample3630	2004	2004	2001	2001
sample3396	2004	2004	2002	2002
sample3147	2004	2004	2004	2004
sample3397	2004	2004	2003	2003
sample3631	2004	2004	2004	2004
sample3148	2004	2004	2003	2003
sample3398	2004	2004	2004	2004
sample3632	2004	2004	2004	2004
sample3149	2004	2004	2004	2004
sample3399	2004	2004	2004	2004
sample3150	2004	2004	2004	2004
sample3633	2004	2004	2004	2004
sample3400	2004	2004	2003	2003
sample3151	2004	2004	2004	2004
sample3634	2004	2004	2003	2003
sample3401	2004	2004	2004	2004
sample3152	2004	2004	2003	2003
sample3635	2004	2004	2004	2004
sample3402	2004	2004	2003	2003
sample3153	2004	2004	2003	2003
sample3636	2004	2004	2002	2002
sample3403	2004	2004	2003	2003
sample3154	2004	2004	2002	2002
sample3404	2004	2004	2003	2003
sample3637	2004	2004	2003	2003
sample3155	2004	2004	2003	2003
sample3405	2004	2004	2003	2003
sample3156	2004	2004	2004	2004
sample3638	2004	2004	2002	2002
sample3406	2004	2004	2002	2002
sample3157	2004	2004	2004	2004
sample3639	2004	2004	2004	2004
sample3407	2004	2004	2003	2003
sample3158	2004	2004	2003	2003
sample3640	2004	2004	2004	2004
sample3408	2004	2004	2004	2004
sample3159	2004	2004	2003	2003
sample3641	2004	2004	2004	2004
sample3160	2004	2004	2004	2004
sample3409	2004	2004	2003	2003
sample3642	2004	2004	2003	2003
sample3161	2004	2004	2002	2002
sample3410	2004	2004	2003	2003
sample3643	2004	2004	2004	2004
sample3411	2004	2004	2004	2004
sample3162	2004	2004	2002	2002
sample3644	2004	2004	2002	2002
sample3412	2004	2004	2003	2003
sample3163	2004	2004	2003	2003
sample3645	2004	2004	2003	2003
sample3164	2004	2004	2004	2004
sample3413	2004	2004	2004	2004
sample3414	2004	2004	2003	2003
sample3165	2004	2004	2003	2003
sample3646	2004	2004	2003	2003
sample3415	2004	2004	2001	2001
sample3166	2004	2004	2004	2004
sample3647	2004	2004	2003	2003
sample3416	2004	2004	2003	2003
sample3167	2004	2004	2004	2004
sample3648	2004	2004	2004	2004
sample3168	2004	2004	2002	2002
sample3417	2004	2004	2003	2003
sample3649	2004	2004	2004	2004
sample3418	2004	2004	2002	2002
sample3169	2004	2004	2001	2001
sample3650	2004	2004	2003	2003
sample3170	2004	2004	2003	2003
sample3419	2004	2004	2004	2004
sample3420	2004	2004	2004	2004
sample3171	2004	2004	2001	2001
sample3651	2004	2004	2003	2003
sample3421	2004	2004	2003	2003
sample3172	2004	2004	2003	2003
sample3652	2004	2004	2004	2004
sample3422	2004	2004	2004	2004
sample3173	2004	2004	2004	2004
sample3653	2004	2004	2003	2003
sample3423	2004	2004	2004	2004
sample3174	2004	2004	2003	2003
sample3654	2004	2004	2002	2002
sample3424	2004	2004	2004	2004
sample3175	2004	2004	2004	2004
sample3655	2004	2004	2004	2004
sample3425	2004	2004	2003	2003
sample3176	2004	2004	2004	2004
sample3177	2004	2004	2003	2003
sample3426	2004	2004	2004	2004
sample3656	2004	2004	2003	2003
sample3178	2004	2004	2003	2003
sample3427	2004	2004	2003	2003
sample3657	2004	2004	2004	2004
sample3179	2004	2004	2004	2004
sample3428	2004	2004	2004	2004
sample3658	2004	2004	2004	2004
sample3180	2004	2004	2004	2004
sample3429	2004	2004	2002	2002
sample3659	2004	2004	2003	2003
sample3181	2004	2004	2003	2003
sample3430	2004	2004	2002	2002
sample3660	2004	2004	2003	2003
sample3182	2004	2004	2000	2000
sample3431	2004	2004	2004	2004
sample3661	2004	2004	2003	2003
sample3183	2004	2004	2004	2004
sample3432	2004	2004	2003	2003
sample3184	2004	2004	2004	2004
sample3662	2004	2004	2002	2002
sample3433	2004	2004	2004	2004
sample3185	2004	2004	2003	2003
sample3663	2004	2004	2004	2004
sample3434	2004	2004	2004	2004
sample3186	2004	2004	2004	2004
sample3435	2004	2004	2003	2003
sample3664	2004	2004	2004	2004
sample3187	2004	2004	2003	2003
sample3436	2004	2004	2003	2003
sample3665	2004	2004	2003	2003
sample3188	2004	2004	2004	2004
sample3437	2004	2004	2003	2003
sample3189	2004	2004	2003	2003
sample3666	2004	2004	2004	2004
sample3438	2004	2004	2004	2004
sample3190	2004	2004	2004	2004
sample3667	2004	2004	2003	2003
sample3439	2004	2004	2004	2004
sample3191	2004	2004	2004	2004
sample3440	2004	2004	2002	2002
sample3668	2004	2004	2004	2004
sample3192	2004	2004	2004	2004
sample3441	2004	2004	2003	2003
sample3669	2004	2004	2003	2003
sample3193	2004	2004	2002	2002
sample3442	2004	2004	2004	2004
sample3670	2004	2004	2004	2004
sample3194	2004	2004	2002	2002
sample3443	2004	2004	2004	2004
sample3671	2004	2004	2001	2001
sample3195	2004	2004	2004	2004
sample3444	2004	2004	2002	2002
sample3196	2004	2004	2003	2003
sample3672	2004	2004	2004	2004
sample3445	2004	2004	2004	2004
sample3197	2004	2004	2002	2002
sample3673	2004	2004	2002	2002
sample3446	2004	2004	2003	2003
sample3198	2004	2004	2004	2004
sample3674	2004	2004	2004	2004
sample3447	2004	2004	2001	2001
sample3199	2004	2004	2003	2003
sample3675	2004	2004	2002	2002
sample3448	2004	2004	2003	2003
sample3200	2004	2004	2004	2004
sample3449	2004	2004	2004	2004
sample3676	2004	2004	2003	2003
sample3450	2004	2004	2002	2002
sample3677	2004	2004	2004	2004
sample3451	2004	2004	2004	2004
sample3678	2004	2004	2002	2002
sample3452	2004	2004	2003	2003
sample3679	2004	2004	2003	2003
sample3453	2004	2004	2003	2003
sample3680	2004	2004	2003	2003
sample3454	2004	2004	2004	2004
sample3681	2004	2004	2002	2002
sample3455	2004	2004	2002	2002
sample3682	2004	2004	2004	2004
sample3456	2004	2004	2003	2003
sample3683	2004	2004	2004	2004
sample3684	2004	2004	2003	2003
sample3685	2004	2004	2003	2003
sample3686	2004	2004	2004	2004
sample3687	2004	2004	2004	2004
sample3688	2004	2004	2004	2004
sample3689	2004	2004	2003	2003
sample3690	2004	2004	2003	2003
sample3691	2004	2004	2002	2002
sample3692	2004	2004	2003	2003
sample3693	2004	2004	2002	2002
sample3694	2004	2004	2004	2004
sample3695	2004	2004	2004	2004
sample3696	2004	2004	2003	2003
sample3697	2004	2004	2004	2004
sample3698	2004	2004	2004	2004
sample3699	2004	2004	2003	2003
sample3700	2004	2004	2004	2004
sample3701	2004	2004	2003	2003
sample3702	2004	2004	2002	2002
sample3703	2004	2004	2004	2004
sample3704	2004	2004	2003	2003
sample3705	2004	2004	2004	2004
sample3706	2004	2004	2003	2003
sample3707	2004	2004	2004	2004
sample3708	2004	2004	2004	2004
sample3709	2004	2004	2003	2003
sample3710	2004	2004	2003	2003
sample3711	2004	2004	2003	2003
sample3712	2004	2004	2004	2004
Vdarrowii_NJ88_5_32	64973327	64973327	59008349	59008349
SHB_EB12_9_D19	68303894	68303894	63630947	63630947
FLIndigocrisp	84344644	84344644	75954929	75954929
SHB_K_D17	69243516	69243516	64641897	64641897
FLArcadia	97053569	97053569	79617751	79617751
Vvitisidaea_Koralle	72483279	72483279	65481736	65481736
Vmacrocarpon_Stankawich_C6	70955626	70955626	67993837	67993837
Vangustifolium_Novablue	71239188	71239188	66403398	66403398
SHB_US345_V3_S63_1	67611898	67611898	62953205	62953205
SHB_Ozarkblue_S25_1	74428521	74428521	70149868	70149868
NHB_Bonus_hongli	69089818	69089818	64163318	64163318
Vfuscatum2x_17_628	101722811	101722811	84040135	84040135
FLEndura	106688394	106688394	90726659	90726659
Vovatum_PI555177	79789929	79789929	74968877	74968877
SHB_Snowchaser_S54_1	73218360	73218360	69100074	69100074
SHB_Biloxi_X7	94024210	94024210	87028604	87028604
FLPalmetto	98249929	98249929	83885152	83885152
FL21_65	100744380	100744380	95377260	95377260
FL16_117	100765730	100765730	96487083	96487083
FL09_279	107062682	107062682	101464544	101464544
FL23_0767	105138407	105138407	101321279	101321279
NHB_Sunrise_H25	102718185	102718185	100501574	100501574
NHB_Olympia_H26	93065064	93065064	90731613	90731613
FL25_0227	129881779	129881779	126559771	126559771
FL18_11	105100345	105100345	98040813	98040813
FL19_71	103548811	103548811	95627904	95627904
FL19_143	112600779	112600779	108551445	108551445
FL24_1037	102530318	102530318	98931335	98931335
NHB_Amblue_H33	96065528	96065528	93759423	93759423
FL16_178	108238633	108238633	100332425	100332425
Vdarrowii_98_403	112237572	112237572	94409907	94409907
FL16_97	123145351	123145351	115432296	115432296
FL21_0334	132626842	132626842	127851237	127851237
FL25_0849	138640748	138640748	134950082	134950082
NHB_Gretha_H70	113270770	113270770	110797004	110797004
NHB_HX2_HX2	115681868	115681868	112767004	112767004
Vvirgatum_Climax_Y8_1	122286321	122286321	117806996	117806996
FL21_1508	133554992	133554992	128192555	128192555
Vfuscatum_F2B1Sandhills	144833291	144833291	104079280	104079280
Vvirgatum_Vernon	135819386	135819386	113316739	113316739
FL24_0037	124238604	124238604	119777728	119777728
FL24_0672	177330529	177330529	172860547	172860547
Vconsanguineum_CorvallisRep	163648007	163648007	153174744	153174744
Vfuscatum4X_11_1001	77835289	77835289	64820330	64820330
Velliottii_Knight	73935205	73935205	64744561	64744561
FLRaven	115071526	115071526	98725348	98725348
SHB_EB12_9_M_1	68998590	68998590	64583304	64583304
Vmacrocarpon_Washington_C19	70465740	70465740	67693274	67693274
FLEmerald	109639202	109639202	89341356	89341356
SHB_Kestrel_S73_1	69393526	69393526	64778025	64778025
Vbracteatum_WF1	72750617	72750617	68899115	68899115
FLMagnus	103887875	103887875	87216334	87216334
SHB_Palmetto_S32_1	67985505	67985505	63581832	63581832
Vovatum_PI618200	43726179	43726179	39432098	39432098
SHB_US75_S31_1	69563295	69563295	65299149	65299149
Vvitisidaea_PI618228	105134769	105134769	98509492	98509492
NHB_Brigitta_H23	91007391	91007391	88894439	88894439
SHB_Bladen_S1_1	70055933	70055933	65462685	65462685
SHB_SouthernBelle_S61_1	70551663	70551663	66138105	66138105
NHB_Sweatheart_X1	71750378	71750378	67386992	67386992
NHB_Patriot_H2	102861098	102861098	100299991	100299991
FLSapphire	92196688	92196688	78314231	78314231
Vdarrowii_GNGG	84448391	84448391	70054860	70054860
FL10_15	106118840	106118840	100644819	100644819
FL16_119	104887742	104887742	101090592	101090592
FL18_3	109221117	109221117	103291298	103291298
FL25_0229	123356912	123356912	120061941	120061941
NHB_Aron_H5	68277137	68277137	65485708	65485708
FL21_0359	113555717	113555717	109800698	109800698
FL19_88	114972538	114972538	106314242	106314242
FL16_99	115780095	115780095	108393765	108393765
Vfuscatum_NC80_22_1	66342863	66342863	59767384	59767384
NHB_Grower_H67	101156893	101156893	98706384	98706384
FL23_0846	110645497	110645497	105304942	105304942
NHB_Ivanhoe_H42	109139180	109139180	106455634	106455634
FL22_0123	100132621	100132621	94324073	94324073
FLR12_89	109610734	109610734	102867992	102867992
FL16_194	101815572	101815572	95256204	95256204
Vvirgatum_Coastal_Y14	146474656	146474656	141034768	141034768
FL21_543	140460530	140460530	135493035	135493035
FLR14_449	163544775	163544775	154344315	154344315
FL19_144	151319702	151319702	145888813	145888813
Vstamineum_17_629	104904580	104904580	84775289	84775289
FL10_153	70440284	70440284	63265728	63265728
FL24_0040	135116738	135116738	129408817	129408817
Vpallidum_NCE3R15	99659092	99659092	86659566	86659566
SHB_EB8_42_Julieta_S80_1	68278788	68278788	64174227	64174227
Vhirsutum_NC3743	119786453	119786453	86983158	86983158
FLJewel	95085609	95085609	77018980	77018980
FL24_0674	122528544	122528544	119218160	119218160
Vmacrocarpon_WSU108_C10	71707888	71707888	67726003	67726003
FLScintilla	121014691	121014691	108947709	108947709
FLMillenia	123177976	123177976	104736922	104736922
Vconsanguineum_NC	87137919	87137919	78424022	78424022
Vcarlesii_DW_1	69583823	69583823	66251457	66251457
SHB_Lenoir_S39_1	72980544	72980544	68681158	68681158
SHB_PeachSorbet_S62_1	72303393	72303393	68009263	68009263
SHB_Bluechip_X10	80355046	80355046	76977388	76977388
SHB_Ventura_S81_1	80014222	80014222	74618095	74618095
NHB_TopShelf_D02	68135556	68135556	65287087	65287087
SHB_Southmoon_S22_1	70330800	70330800	65883852	65883852
NHB_Burlington_H41	103999738	103999738	101504990	101504990
HHB_Chippewa_H11	99731822	99731822	97228940	97228940
Vfuscatum_NC99_3_1	60045405	60045405	54863430	54863430
Velliottii_C208	108047107	108047107	86078003	86078003
NHB_Pemberton_pengbodun	68550351	68550351	63483820	63483820
NHB_Aurora_aoruolaX4	67879952	67879952	65115014	65115014
NHB_Grover	109828707	109828707	93592563	93592563
Vstamineum_F1redflesh_15_634	106544777	106544777	86797703	86797703
FL10_162	100179241	100179241	94007403	94007403
NHB_Hardyblue_X13	68891401	68891401	64355837	64355837
FL25_0235	126369794	126369794	122870193	122870193
FLKeecrisp	98684271	98684271	81249701	81249701
FL18_6	104669998	104669998	98046214	98046214
SHB_Emerald_S45_1	70795719	70795719	67100350	67100350
FL12_179	79924472	79924472	73278940	73278940
FL16_125	161726604	161726604	151064982	151064982
FL21_0497	137692593	137692593	132449369	132449369
Vmyrtillus_Japan_S52_1	68871718	68871718	66212036	66212036
FL20_030	107735613	107735613	102083180	102083180
NHB_JEarly_H73	114787855	114787855	112065019	112065019
FL23_0852	111251674	111251674	108588364	108588364
FL17_101	146603441	146603441	141313599	141313599
FL16_60	103922326	103922326	97106998	97106998
Vdarrowii_Wang2024	83895422	83895422	80589684	80589684
FL22_0229	101743741	101743741	98002592	98002592
FLMisty	119254836	119254836	94749916	94749916
FLSharpblue	122993067	122993067	109807628	109807628
Vpallidum_NJ88_18_30	84474724	84474724	78612802	78612802
SHB_LikeONeal_D18	69880778	69880778	65583683	65583683
Vhirsutum_NJ90_54_21	52489809	52489809	47371139	47371139
SHB_PearlRiver_H98	76645103	76645103	73124362	73124362
NHB_Toro_H24	97722841	97722841	95680674	95680674
FL09_167	154445774	154445774	144105005	144105005
SHB_Bluecrisp_S8_1	111563735	111563735	105276145	105276145
Vconstablaei_NC83_28_3	183732748	183732748	171229964	171229964
FL22_0264	102675935	102675935	98814597	98814597
FL24_0680	148489073	148489073	143840470	143840470
Vvirgatum_FloridaRose	141838728	141838728	132680358	132680358
SHB_Springhigh_S55_1	69385497	69385497	65926113	65926113
SHB_Windsor_S58_1	67808949	67808949	64354055	64354055
Vvirgatum_Gardenblue_Y3_1	139365026	139365026	135927883	135927883
FL19_15	105292254	105292254	101964557	101964557
NHB_Pender_pengdeer	66951762	66951762	62190491	62190491
Vhirsutum_NJ90_54_13	148823765	148823765	139089013	139089013
NHB_Berkeley_H15	105318271	105318271	102653393	102653393
Velliottii_Ell8	91115792	91115792	78038080	78038080
Vvirgatum_15_506	96274553	96274553	80548698	80548698
NHB_Chandler_H74	96121174	96121174	93850313	93850313
FL24_0046	115064024	115064024	110304194	110304194
FLKestrel	114258901	114258901	90971470	90971470
HHB_MN5115_M5	103388987	103388987	100731126	100731126
NHB_Harrison_halisen	68175493	68175493	65293443	65293443
SHB_Eureka_Ridley1403_youruika	66975253	66975253	61970060	61970060
Voldhamii_XC_1	68559840	68559840	65273962	65273962
SHB_Legacy	112051356	112051356	95384159	95384159
FL17_141	61385865	61385865	56194904	56194904
FL11_124	100348244	100348244	93338557	93338557
Vmyrsinites_NC80_2_14	72654824	72654824	66209084	66209084
FLPrimadonna	112977480	112977480	91811231	91811231
Vkoreanum_C1	66761148	66761148	63515697	63515697
SHB_Magnolia_S24_1	83058380	83058380	78357365	78357365
FL19_006	101283597	101283597	96253604	96253604
FLStar	122455522	122455522	108476604	108476604
Vpallidum_PI666752	85801897	85801897	80985698	80985698
SHB_Primadonna_S53_1	72578226	72578226	67876453	67876453
FL25_0237	169525645	169525645	165248933	165248933
FL20_059	120102516	120102516	113941144	113941144
NHB_Jersey_H16	103020761	103020761	98816210	98816210
NHB_Weymouth_H69	94239315	94239315	91941002	91941002
FL23_1032	102742630	102742630	99848850	99848850
FL21_0593	110255987	110255987	106733856	106733856
SHB_Springwide_S57_1	69475747	69475747	65084400	65084400
NHB_Puru_H37	93608583	93608583	91360424	91360424
SHB_Bluerain_S33_1	67941872	67941872	64268001	64268001
SHB_yiyuan_S75_1	71648202	71648202	67513545	67513545
FL16_754	99938853	99938853	94531916	94531916
FL22_0583	105520788	105520788	99011712	99011712
FL22_0297	108091164	108091164	104808854	104808854
FL16_134	123373058	123373058	119252882	119252882
FLOptimus_02	147827300	147827300	134322969	134322969
FL17_105	165197705	165197705	159228803	159228803
FLMeadowlark	109254433	109254433	87954211	87954211
SHB_Farthing_S60_1	72880040	72880040	68739890	68739890
Vfuscatum2x_17_608	136124322	136124322	114359832	114359832
NHB_Herbert_H22	93990257	93990257	91612446	91612446
Vpallidum_Blueridge_H94	78475184	78475184	72840473	72840473
NHB_Collins_H35	85425687	85425687	83496752	83496752
FL19_49_2	101414879	101414879	97712863	97712863
FL24_0713	117060452	117060452	113902481	113902481
NHB_Bluecrop_H1	111387306	111387306	108566743	108566743
NHB_Arlen_Rp	84480305	84480305	76868785	76868785
FLRebel	94318228	94318228	80927529	80927529
FL17_142	85054929	85054929	77536621	77536621
Vmyrtilloides_I44	73237411	73237411	66617276	66617276
Vmacrocarpon_Bain11_C13	73774020	73774020	69338532	69338532
FL11_128	123986845	123986845	119640033	119640033
Vvirgatum_Homebell_Y12	153350338	153350338	145848877	145848877
HHB_MN5415_M6	98968394	98968394	96532163	96532163
Vhirsutum_NJ90_54_15	121657231	121657231	112332407	112332407
FLSweetcrisp	84066664	84066664	75112453	75112453
SHB_Meadowlark_S20_1	69288972	69288972	65068402	65068402
FL11_158	100709031	100709031	93332665	93332665
Vconstablaei_NC86_40_2	214259143	214259143	198901731	198901731
FL24_0112	119292352	119292352	113844483	113844483
SHB_Rebel_S26_1	88710974	88710974	82321897	82321897
SHB_ONeal	111034854	111034854	90475694	90475694
Vpallidum_PI666776	81108006	81108006	76221071	76221071
FL19_111	104926213	104926213	97293316	97293316
SHB_Camellia_D01_1	69293923	69293923	64392824	64392824
Vangustifolium_Blomidon_L1	72043358	72043358	68950117	68950117
SHB_Star_S7_1	70318620	70318620	66290040	66290040
NHB_Willow_Leaf_liuye	69106544	69106544	64169225	64169225
NHB_Jgdrzej_H51	90791007	90791007	88392132	88392132
NHB_Record_H38	102206594	102206594	99496532	99496532
FLOptimus	127036769	127036769	103928621	103928621
FL21_0600	126105407	126105407	121390434	121390434
SHB_Flicker_S70_1	69607853	69607853	65489713	65489713
Vmacrocarpon_Bain6_C17	68954096	68954096	64234144	64234144
FL20_063	124890452	124890452	117459907	117459907
FL24_0059	102704056	102704056	99894007	99894007
FL22_0333	117686595	117686595	113329185	113329185
Vpallidum_SHF4A	54824917	54824917	49870738	49870738
Varboreum_17_630_02	189146414	189146414	171183868	171183868
FLSanJoaquin	123385490	123385490	103225030	103225030
FL17_123	110672374	110672374	105089680	105089680
FL25_0238	133332597	133332597	129579315	129579315
Vreticulatum_RedButton_X14	73933551	73933551	68594224	68594224
SHB_ONeal_Rp	43096448	43096448	38736739	38736739
FL22_0973	102836595	102836595	96637699	96637699
NHB_Herbert_hebote	70958733	70958733	66090369	66090369
NHB_Coville_H4	103296151	103296151	100854997	100854997
FLVireo	97656407	97656407	86808764	86808764
FLAlbus	59429095	59429095	53391263	53391263
FL16_159	102631578	102631578	98713490	98713490
Vfuscatum2x_18_667	102582791	102582791	81788534	81788534
SHB_Millennia_S30_1	68528130	68528130	64960304	64960304
FL24_0714	122147779	122147779	115171884	115171884
NHB_Bluegold_M8	110526686	110526686	108166236	108166236
SHB_Camellia_S37_1	70828784	70828784	66548903	66548903
FL17_114	101991490	101991490	98100401	98100401
SHB_Reveille_S5_1	69438349	69438349	65050824	65050824
FL19_86	166253826	166253826	160264081	160264081
HHB_Northblue_M3	116591397	116591397	113739049	113739049
SHB_Abundance_S65_1	68567379	68567379	65140298	65140298
Vreticulatum_NJ95_2_11a	64204762	64204762	60553525	60553525
Vangustifolium_Brunswick_L2	71879882	71879882	68971113	68971113
FL12_236	107757317	107757317	101050883	101050883
FL11_137	124973256	124973256	120745048	120745048
SHB_Reveille_Rp	51676994	51676994	46937108	46937108
SHB_SubaruM5MSU48_S34_1	68608579	68608579	64098697	64098697
Vmacrocarpon_BainFavNo1_C12	69858368	69858368	65170856	65170856
FLPatrecia	94466551	94466551	77478781	77478781
SHB_Winterbell	139972391	139972391	117535040	117535040
Vuliginosum_usiyueju	70528735	70528735	65559331	65559331
Vsimulatum_NC02_1_3	60957063	60957063	55318931	55318931
SHB_Flordablue_S15_1	71332361	71332361	67223261	67223261
NHB_Lankao_lankao	67303620	67303620	62748609	62748609
Vvirgatum_PinkLemenadeF1_H82	72469286	72469286	67130773	67130773
FL19_117	104862709	104862709	99146372	99146372
FL24_0169	114310647	114310647	107972564	107972564
FLSouthernBelle	74185811	74185811	63446009	63446009
Vmembranaceum_PI555062	137359204	137359204	128328920	128328920
NHB_Reka_H34	93561984	93561984	91278315	91278315
NHB_HL10_H61	69261410	69261410	64732354	64732354
Varboreum_Citra	110646380	110646380	97835796	97835796
FLSentinel	51212235	51212235	46334910	46334910
FL21_0853	123413793	123413793	118921351	118921351
SHB_Misty_S12_1	71915343	71915343	67760536	67760536
Vdarrowii_17_627_02	131201073	131201073	119685276	119685276
NHB_Darrow_H12	68729380	68729380	64279336	64279336
FL22_0698	122948973	122948973	118492553	118492553
FL24_0201	101540841	101540841	94778069	94778069
Vstamineum_AG1	110060435	110060435	94461368	94461368
Vcrassifolium_Bloodstone	50967094	50967094	46347005	46347005
FL17_124	100226711	100226711	93284691	93284691
FL25_0240	136893572	136893572	133070145	133070145
Vstamineum_NC5155	38366160	38366160	34626073	34626073
SHB_CapeFear_S10_1	71889345	71889345	67453318	67453318
SHB_AiblueSX_S43_1	71180339	71180339	67390810	67390810
FL22_0981	114262037	114262037	108311488	108311488
FL16_170	135552074	135552074	130476124	130476124
SHB_Ri_D15	68285882	68285882	63017359	63017359
Vmacrocarpon_Bergmen_C8	71671267	71671267	66879232	66879232
Vangustifolium_CA_206_L6	71435018	71435018	66985749	66985749
FL20_087	156414466	156414466	148786394	148786394
FLSnowchaser	101620835	101620835	83115408	83115408
Vangustifolium_PI666760	165705357	165705357	155099868	155099868
Vuliginosum_VvL2	68410518	68410518	63484499	63484499
FLSouthmoon	97284107	97284107	82651099	82651099
NHB_Bluehaven_X9	68951258	68951258	64113625	64113625
Vsimulatum_NC98_11_3	59488349	59488349	54016534	54016534
NHB_LastCall_D11	69203769	69203769	64332219	64332219
FL17_14	108277160	108277160	104285444	104285444
FL24_0720	114005668	114005668	107366894	107366894
SHB_Summit_dingji	70850921	70850921	66162056	66162056
SHB_Georgia_Gem_S19_1	72638868	72638868	68013655	68013655
Vvirgatum_PowderBlue_Y1_1	122439682	122439682	119612466	119612466
FL13_121	100933737	100933737	94867652	94867652
Vangustifolium_NC3352	82387157	82387157	74717714	74717714
NHB_HL11_H62	97615882	97615882	95123518	95123518
HHB_Northsky_M2	102799490	102799490	100247900	100247900
Vcrassifolium_NC80_16_1	65030347	65030347	58743775	58743775
Vmyrsinites_16_663	118884552	118884552	108168778	108168778
NHB_Rubel_H68	89657385	89657385	87400282	87400282
Vstamineum_NC84_1_2	74512455	74512455	68847739	68847739
FL19_129	100171327	100171327	94054766	94054766
FL24_0179	123839859	123839859	116402442	116402442
NHB_Dii_shuangdi	69744384	69744384	65151900	65151900
Vdarrowii_Fl4B	126683361	126683361	107245595	107245595
Velliotti_olenoyellow_02	131412490	131412490	118397201	118397201
SHB_MSU8_S36_1	77191980	77191980	73067002	73067002
Vmacrocarpon_Brewer_C11	69003431	69003431	64098283	64098283
FL12_255	106074483	106074483	102107506	102107506
SHB_ailu_S79_1	66851688	66851688	63788739	63788739
SHB_Carteret_S50_1	72283633	72283633	67408237	67408237
FL21_0922	119309347	119309347	115209777	115209777
SHBVentura	99337816	99337816	81435953	81435953
Vangustifolium_Chignecto_L5	70230849	70230849	65360453	65360453
FL19_99_1	117895324	117895324	113404626	113404626
SHB_Rocio_S76_1	70403606	70403606	66024999	66024999
Vstamineum_AP6	99400381	99400381	86383541	86383541
FL22_0764	126707786	126707786	122224715	122224715
FL24_0364	100965256	100965256	97782981	97782981
Vmembranaceum_PI613646	155105672	155105672	143092678	143092678
FLSpringHigh	103076847	103076847	89035558	89035558
NHB_Lateblue_batch1_H29	97694760	32475453	31736121	31736121
Vtenellum_NC96_2_2	68297453	68297453	61774591	61774591
FL25_0246	130777584	130777584	127399865	127399865
Vvirgatum_Baldwin_Dalian_Y6_1	147601775	147601775	140342130	140342130
NHB_Bluejay_H3	108791545	108791545	105994947	105994947
SHB_Gulfcoast_H95	70829761	70829761	66745870	66745870
FL22_0985	100354275	100354275	94290737	94290737
SHB_SunshineBlue_S27_1	81543455	81543455	77509174	77509174
Vcylindraceum_PI554901	155499110	155499110	148781876	148781876
FL16_192	105490508	105490508	101614754	101614754
FLAbundance	75722212	75722212	64132672	64132672
FL17_162	114510062	114510062	110362072	110362072
Vboreale_NJ89_03_08	52567372	52567372	45559257	45559257
Vtenellum_NC78_8loc	63260344	63260344	56824377	56824377
FL24_0788	126548677	126548677	123219186	123219186
NHB_Draper_X5	67835463	67835463	63091672	63091672
NHB_HL13_H64	97796626	97796626	95309725	95309725
FL13_212	116095503	116095503	108887287	108887287
Vmacrocarpon_HollisterRed_C15	74158354	74158354	71308073	71308073
HHB_Polaris_H14	71212618	71212618	66602436	66602436
Vangustifolium_USAMaine	95467392	95467392	84348702	84348702
NHB_Rubel_H76	102510407	102510407	99933976	99933976
NHB_Lateblue_H29	70216421	70216421	65381029	65381029
SHB_Arana_L11_1	68677505	68677505	64307127	64307127
SHB_Muffin_S44_1	69043632	69043632	65520422	65520422
Vangustifolium_brunswick	92682811	92682811	75610186	75610186
Vvirgatum_Premeir_Y4_1	133411806	133411806	130079727	130079727
FL19_135	99599151	99599151	93683321	93683321
FL20_122	108728010	108728010	102968985	102968985
Vfuscatum2x_17_628_02	169002403	169002403	152198060	152198060
SHB_chougua_S83_1	69834175	69834175	65532691	65532691
Vangustifolium_Emil_L9	69544792	69544792	64704732	64704732
FL17_166	100773051	100773051	93386140	93386140
Vvirgatum_Alapaha	127968565	127968565	107855502	107855502
Vtenellum_NJ87_52	77661489	77661489	70608519	70608519
SHB_Sampson_S29_1	73907577	73907577	69277839	69277839
FLWayne	113110221	113110221	96841396	96841396
FL24_0317	119085596	119085596	111853330	111853330
FL21_0982	108204856	108204856	105074824	105074824
Vvirgatum_Ochlockonee	113228841	113228841	97947657	97947657
Vconstablaei_N1	62675956	62675956	57269288	57269288
SHB_Guputon_S47_1	67864770	67864770	64686534	64686534
FL22_0808	100607500	100607500	96856873	96856873
FLAvanti	137967737	137967737	118118570	118118570
FL24_0401	119340770	119340770	115997268	115997268
Vuliginosum_PI638387	89856796	89856796	84694573	84694573
FL12_257	142962103	142962103	136696383	136696383
FL25_0248	100787200	100787200	98241361	98241361
NHB_Bluejay_H7	98974457	98974457	96491846	96491846
NHB_Duke_H28	92435643	92435643	90133541	90133541
FL20_0094	123239580	123239580	118791304	118791304
Vmacrocarpon_Howes_C7	70940471	70940471	66357342	66357342
SHB_Suziblue_S16_1	71479322	71479322	66714719	66714719
Varboreum_17_630	104894420	104894420	86444705	86444705
SHB_Arlen_S40_1	69193049	69193049	65920000	65920000
NHB_Legacy_H19	113475420	113475420	110424690	110424690
FL22_1146	101348015	101348015	95643405	95643405
SHB_NaitiveBlue_S48_1	72044248	72044248	67175912	67175912
Varboreum_NC3739	46407817	46407817	42910504	42910504
NHB_HL2_H53	70996355	70996355	66127470	66127470
HHB_Putte_M9	116469687	116469687	113706068	113706068
FL16_200	150580272	150580272	142191376	142191376
SHB_Cooper_H97	68902421	68902421	64221101	64221101
FL18_137	139296339	139296339	133746107	133746107
FL24_0793	107465976	107465976	104767755	104767755
Vangustifolium_EstonianHyb_L12	68294559	68294559	63863535	63863535
Vvirgatum_Baldwin_Nanjing_Y6	152888319	152888319	147353055	147353055
NHB_S20K0183	72973639	72973639	68515447	68515447
Vvirgatum_NC2140	74904475	74904475	68056944	68056944
SHB_Sapphire_S17_1	69184178	69184178	64433391	64433391
Vcylindraceum_PI618121	125238858	125238858	119465132	119465132
FL19_148	101911788	101911788	96730186	96730186
FL14_242	107631334	107631334	100418673	100418673
FLWindsor	104007890	104007890	89318245	89318245
Vconstablaei_N5	62283033	62283033	55717546	55717546
FL21_0445	104057416	104057416	95005140	95005140
SHB_JellyBean_S64_1	70300378	70300378	66057269	66057269
FL17_17	102796961	102796961	95698503	95698503
Vvirgatum_Southland_Y11_1	146079846	146079846	140516771	140516771
FL21_1116	124389754	124389754	119652043	119652043
Vstamineum_17_629_02	142857026	142857026	129068528	129068528
Vvirgatum_BlackGiant	139461567	139461567	118572081	118572081
Vmacrocarpon_manyueju_JGA503	71300771	71300771	67031759	67031759
FL24_0389	143970963	143970963	138332831	138332831
Varboreum_NC3740	52041035	52041035	48196633	48196633
Vvirgatum_Pinklemonade	112316439	112316439	96131317	96131317
Vdarrowii_17_627	98583932	98583932	82568373	82568373
FL22_0962	129527923	129527923	124937024	124937024
SHB_Sweetaroma_S71_1	68265703	68265703	64894016	64894016
FL25_0538	139059471	139059471	133382846	133382846
NHB_Bluejay_lanniao	67669232	67669232	63408050	63408050
Vmyrtilloides_NC96_53_2	28943448	28943448	26786090	26786090
SHB_Avonblue_H96	76476486	76476486	71029666	71029666
SHB_NewHannover_D04	68937418	68937418	64282915	64282915
NHB_Duke_H75	91649579	91649579	89416060	89416060
NHB_HL3_H54	100428327	100428327	97895513	97895513
SHB_Dianna_H31	72210034	72210034	67532758	67532758
FL24_0456	103821093	103821093	97612657	97612657
Vangustifolium_EstonianHyb_L13	74406199	74406199	71345403	71345403
NHB_Sierra_H21	98517720	98517720	96036761	96036761
FL20_040	113284142	113284142	109465337	109465337
FL13_26	101467647	101467647	97508240	97508240
SHB_Sapphire_S42_1	72992765	72992765	68611479	68611479
FL24_0794	102079001	102079001	99544438	99544438
NHB_Liberty_X3	106136652	106136652	103606795	103606795
Vvirgatum_NC3660	64158473	64158473	58527780	58527780
FL23_0063	99467012	99467012	94239502	94239502
Vcorymbosum_4X_NC3308	56312495	56312495	50923365	50923365
FLBluecrisp	87237250	87237250	75388429	75388429
FL16_54	100391509	100391509	96764746	96764746
SHB_Jewel_S2_1	108855314	108855314	101496362	101496362
Varboreum_09_502	114256068	114256068	89092454	89092454
NHB_2017D_H28Mut	68935483	68935483	64408670	64408670
Vmacrocarpon_Pilgrim_C2	74464138	74464138	70047304	70047304
FL18_148	105386591	105386591	100969238	100969238
FL19_20_8	101740871	101740871	98448530	98448530
Velliotii_olenoyellow	91312293	91312293	75435781	75435781
Varctostaphylos_ID	135360232	135360232	117742117	117742117
Vdarrowii_JohnBlue	56290189	56290189	51565513	51565513
FL14_245	101324742	101324742	93957816	93957816
FL21_0543	101296698	101296698	94010811	94010811
Vmyrtilloides_PI296414	202767103	202767103	190005279	190005279
SHB_Sweetcrisp_S59_1	75032155	75032155	70574176	70574176
SHB_Norman_S69_1	71277500	71277500	67151343	67151343
SHB_Beaufort_S51_1	71757605	71757605	65847506	65847506
NHB_Blueray_H6	108768304	108768304	106062709	106062709
Vvirgatum_Brightwell_Y9_1	141291771	118720988	114479354	114479354
FL17_23	99603945	99603945	92858868	92858868
